{
  "format_version": "1.16.100",
  "minecraft:fog_settings": {
    "description": {
      "identifier": "cleverlike:firefog_kapow"
    },
    "distance": {
      "air": {
        "fog_start": 0,
        "fog_end": 10,
        "fog_color": "#ff0000",
        "render_distance_type": "fixed",
        "transition_fog": {
          "init_fog": {
            "fog_start": 0,
            "fog_end": 10,
            "fog_color": "#000000",
            "render_distance_type": "fixed"
          },
          "max_seconds": 0.1,
          "mid_percent": 0.8,
          "mid_seconds": 0.05,
          "min_percent": 0.7
        }
      }
    },
    "volumetric": {
      "density": {
        "air": {
          "max_density": 0.25,
          "max_density_height": 128,
          "zero_density_height": 20,
          "uniform": true
        }
      }
    }
  }
}
