{
	"format_version": "1.10.0",
	"particle_effect": {
		"description": {
			"identifier": "cleverlike:poi_small",
			"basic_render_parameters": {
				"material": "particles_alpha",
				"texture": "textures/particle/particles"
			}
		},
		"components": {
			"minecraft:emitter_initialization": {
				"creation_expression": "variable.size = 0.05;variable.lifetime = 2.2;"
			},
			"minecraft:emitter_rate_steady": {
				"spawn_rate": 50,
				"max_particles": 1000
			},
			"minecraft:emitter_lifetime_expression": {
				"activation_expression": 1
			},
			"minecraft:emitter_shape_box": {
				"half_dimensions": [0.2, 0.2, 0.2],
				"direction": "outwards"
			},
			"minecraft:particle_lifetime_expression": {
				"max_lifetime": "variable.particle_random_1*variable.lifetime"
			},
			"minecraft:particle_initial_speed": 0.1,
			"minecraft:particle_motion_dynamic": {
				"linear_acceleration": ["(variable.particle_random_3-0.15)", 2, "(variable.particle_random_4-0.15)"],
				"linear_drag_coefficient": 0.5
			},
			"minecraft:particle_appearance_billboard": {
				"size": ["0.04+variable.particle_random_2/5", "0.04+variable.particle_random_2/5"],
				"facing_camera_mode": "rotate_xyz",
				"uv": {
				  "texture_width": 128,
				  "texture_height": 128,
				  "flipbook": {
					"base_UV": [64, 96],
					"size_UV": [8, 8],
					"step_UV": [-8, 0],
					"max_frame": 8,
					"stretch_to_lifetime": true
				  }
				}
			  },
			  "minecraft:particle_appearance_tinting": {
				"color": [
				  "Math.clamp(0.9 + variable.particle_random_4/7 + (variable.particle_random_3>0.2 ? 0.4 : 0), 0, 1)",
				  "Math.clamp(0.8+variable.particle_random_4/5, 0, 1)",
				  "Math.clamp(0.3 + variable.particle_random_4/8, 0, 1)",
				  1
				]
			  }
		
		}
	}
}
