{
	"format_version": "1.10.0",
	"particle_effect": {
		"description": {
			"identifier": "cleverlike:threearrow",
			"basic_render_parameters": {
				"material": "particles_alpha",
				"texture": "textures/particle/arrow"
			}
		},
		"components": {
			"minecraft:emitter_local_space": {
				"position": true,
				"rotation": true
			},
			"minecraft:emitter_rate_instant": {
				"num_particles": 1
			},
			"minecraft:emitter_lifetime_expression": {
				"activation_expression": 1
			},
			"minecraft:emitter_shape_point": {
				"offset": [-0.4, "query.mark_variant==2 ? 2.00 : 2.9", 0]
			},
			"minecraft:particle_lifetime_expression": {
				"expiration_expression": "query.mark_variant != 2"
			},
			"minecraft:particle_initial_speed": 0,
			"minecraft:particle_motion_dynamic": {},
			"minecraft:particle_appearance_billboard": {
				"size": ["0.015 * math.cos(variable.particle_age * 3.14159265359 * 100) + 0.3", "0.015 * math.cos(variable.particle_age * 3.14159265359 * 100) + 0.3"],
				"facing_camera_mode": "rotate_xyz",
				"uv": {
					"texture_width": 96,
					"texture_height": 96,
					"uv": [0, 0],
					"uv_size": [96, 96]
				}
			}
		}
	}
}