{
  "format_version": "1.14.0",
  "minecraft:entity": {
    "description": {
      "identifier": "cleverlike:npc",
      "is_summonable": true,
      "is_spawnable": false
    },
    "component_groups": {
      "despawn":{
        "minecraft:instant_despawn": {
          "remove_child_entities": false
        }
      },
      "follow": {
        "minecraft:health": {
          "value": 1,
          "max": 1,
          "min": 1
        },
        "minecraft:follow_range": {
          "value": 64
        },

        "minecraft:navigation.walk": {
          "can_jump": true,
          "avoid_portals": true,
          "avoid_water": true,
          "can_open_doors": true,
          "can_open_iron_doors": true,
          "can_sink": false
        },
        //Movement
        "minecraft:movement": { "value": 0.325 },
        "minecraft:jump.static": {},
        "minecraft:movement.basic": {},
        "minecraft:attack": {
          "damage": 3
        },
        "minecraft:behavior.melee_attack": {
          "priority": 3
        },
        "minecraft:behavior.nearest_attackable_target": {
          "priority": 1,
          "must_see": false,
          "reselect_targets": true,
          "within_radius": 64.0,
          "must_see_forget_duration": 17.0,
          "entity_types": [
            {
              "filters": {
                "any_of": [
                  { "test": "is_family", "subject": "other", "value": "marker" }
                ]
              },
              "max_dist": 64,
              "must_see": false
            }
          ]
        },
        "minecraft:type_family": {
          "family": ["mob"]
        }
      },
      "nofollow": {
        "minecraft:type_family": {
          "family": ["mob"]
        },
        "minecraft:health": {
          "value": 1,
          "max": 1,
          "min": 1
        },
        "minecraft:npc": {
          
          "npc_data": {
            "picker_offsets": {
              "scale": [1.75, 1.75, 1.75],
              "translate": [0, 21, 0]
            },
            "portrait_offsets": {
              "scale": [1.75, 1.75, 1.75],
              "translate": [-3, 60, 0]
            },
            "skin_list": [
              {
                "variant": 0
              },
              {
                "variant": 1
              },
              {
                "variant": 2
              },
              {
                "variant": 3
              },
              {
                "variant": 4
              },
              {
                "variant": 5
              },
              {
                "variant": 6
              },
              {
                "variant": 7
              },
              {
                "variant": 8
              },
              {
                "variant": 9
              },
              {
                "variant": 10
              },
              {
                "variant": 11
              },
              {
                "variant": 12
              },
              {
                "variant": 13
              },
              {
                "variant": 14
              },
              {
                "variant": 15
              },
              {
                "variant": 16
              },
              {
                "variant": 17
              },
              {
                "variant": 18
              },
              {
                "variant": 19
              },
              {
                "variant": 20
              }
            ]
          }
        },
        "minecraft:behavior.look_at_player": {
          "look_distance": 16.0,
          "angle_of_view_horizontal": 360,
          "angle_of_view_vertical": 360,
          "look_time": [0.1, 0.2],
          "priority": 2,
          "probability": 1.0
        }
      },
      "nomarker": {
        "minecraft:mark_variant": {
          "value": 0
        }
      },
      "marker": {
        "minecraft:mark_variant": {
          "value": 1
        }
      },
      "sitmarker": {
        "minecraft:mark_variant": {
          "value": 2
        }
      },
      "host": {
        "minecraft:variant": {
          "value": 0
        }
      },
      "npc1": {
        "minecraft:variant": {
          "value": 1
        }
      },
      "npc2": {
        "minecraft:variant": {
          "value": 2
        }
      },
      "npc3": {
        "minecraft:variant": {
          "value": 3
        }
      },
      "npc4": {
        "minecraft:variant": {
          "value": 4
        }
      },
      "npc5": {
        "minecraft:variant": {
          "value": 5
        }
      },
      "npc6": {
        "minecraft:variant": {
          "value": 6
        }
      },
      "npc7": {
        "minecraft:variant": {
          "value": 7
        }
      },
      "npc8": {
        "minecraft:variant": {
          "value": 8
        }
      },
      "npc9": {
        "minecraft:variant": {
          "value": 9
        }
      },
      "npc10": {
        "minecraft:variant": {
          "value": 10
        }
      },
      "npc11": {
        "minecraft:variant": {
          "value": 11
        }
      },
      "npc12": {
        "minecraft:variant": {
          "value": 12
        }
      },
      "npc13": {
        "minecraft:variant": {
          "value": 13
        }
      },
      "npc14": {
        "minecraft:variant": {
          "value": 14
        }
      },
      "npc15": {
        "minecraft:variant": {
          "value": 15
        }
      },
      "npc16": {
        "minecraft:variant": {
          "value": 16
        }
      },
      "npc17": {
        "minecraft:variant": {
          "value": 17
        }
      },
      "npc18": {
        "minecraft:variant": {
          "value": 18
        }
      },
      "npc19": {
        "minecraft:variant": {
          "value": 19
        }
      },
      "npc20": {
        "minecraft:variant": {
          "value": 20
        }
      }
    },

    "components": {
      "minecraft:health": {
        "value": 1,
        "max": 1,
        "min": 1
      },
      "minecraft:tick_world": {
        "distance_to_players": 128,
        "never_despawn": true,
        "radius": 2
      },
      "minecraft:scale": {
        "value": 1.0
      },

      "minecraft:breathable": {
        "breathesAir": true,
        "breathesWater": true,
        "breathes_solids": true
      },
      "minecraft:collision_box": {
        "height": 1.8,
        "width": 0.6
      },
      "minecraft:damage_sensor": {
        "triggers": [
          {
            "deals_damage": false
          }
        ]
      },

      "minecraft:persistent": {},
      "minecraft:physics": {},
      "minecraft:pushable": {
        "is_pushable": false,
        "is_pushable_by_piston": false
      },
      "minecraft:nameable": {
        "allow_name_tag_renaming": false,
        "always_show": false
      }
    },

    "events": {
      "e_despawn":{
        "add": {
          "component_groups": ["despawn"]
        }
      },
		"minecraft:entity_spawned": {
			"add": {
				"component_groups": [
					"nofollow"
				]
			}
		},
      "e_nomarker": {
        "add": {
          "component_groups": ["nomarker"]
        },
        "remove": {
          "component_groups": ["marker","sitmarker"]
        }
      },
      "e_marker": {
        "add": {
          "component_groups": ["marker"]
        },
        "remove": {
          "component_groups": ["nomarker"]
        }
      },
      "e_sitmarker": {
        "add": {
          "component_groups": ["sitmarker"]
        },
        "remove": {
          "component_groups": ["nomarker"]
        }
      },
      "e_nofollow": {
		"add":{
			"component_groups": [
				"nofollow"
			]
		},
        "remove": {
          "component_groups": ["follow"]
        }
      },
      "e_follow": {
        "add": {
          "component_groups": ["follow"]
        },
		"remove": {
			"component_groups": [
				"nofollow"
			]
		}
      },
      "e_host": {
        "add": {
          "component_groups": ["host","nofollow"]
        }
      },
      "e_npc1": {
        "add": {
          "component_groups": ["npc1","nofollow"]
        }
      },
      "e_npc2": {
        "add": {
          "component_groups": ["npc2","nofollow"]
        }
      },
      "e_npc3": {
        "add": {
          "component_groups": ["npc3","nofollow"]
        }
      },
      "e_npc4": {
        "add": {
          "component_groups": ["npc4","nofollow"]
        }
      },
      "e_npc5": {
        "add": {
          "component_groups": ["npc5","nofollow"]
        }
      },
      "e_npc6": {
        "add": {
          "component_groups": ["npc6","nofollow"]
        }
      },
      "e_npc7": {
        "add": {
          "component_groups": ["npc7","nofollow"]
        }
      },
      "e_npc8": {
        "add": {
          "component_groups": ["npc8","nofollow"]
        }
      },
      "e_npc9": {
        "add": {
          "component_groups": ["npc9","nofollow"]
        }
      },
      "e_npc10": {
        "add": {
          "component_groups": ["npc10","nofollow"]
        }
      },
      "e_npc11": {
        "add": {
          "component_groups": ["npc11","nofollow"]
        }
      },
      "e_npc12": {
        "add": {
          "component_groups": ["npc12","nofollow"]
        }
      },
      "e_npc13": {
        "add": {
          "component_groups": ["npc13","nofollow"]
        }
      },
      "e_npc14": {
        "add": {
          "component_groups": ["npc14","nofollow"]
        }
      },
      "e_npc15": {
        "add": {
          "component_groups": ["npc15","nofollow"]
        }
      },
      "e_npc16": {
        "add": {
          "component_groups": ["npc16","nofollow"]
        }
      },
      "e_npc17": {
        "add": {
          "component_groups": ["npc17","nofollow"]
        }
      },
      "e_npc18": {
        "add": {
          "component_groups": ["npc18","nofollow"]
        }
      },
      "e_npc19": {
        "add": {
          "component_groups": ["npc19","nofollow"]
        }
      },
      "e_npc20": {
        "add": {
          "component_groups": ["npc20","nofollow"]
        }
      }
    }
  }
}
