{
  "format_version": "1.14.0",
  "minecraft:entity": {
    "description": {
      "identifier": "cleverlike:npc3",
      "is_summonable": true,
      "is_spawnable": false
    },
    "component_groups": {
      "follow": {
        "minecraft:health": {
          "value": 1,
          "max": 1,
          "min": 1
        },
        "minecraft:follow_range": {
          "value": 64
        },
        "minecraft:navigation.walk": {
          "can_jump": true,
          "avoid_portals": true,
          "avoid_water": true,
          "can_open_doors": true,
          "can_open_iron_doors": true,
          "can_sink": false
        },
        //Movement
        "minecraft:movement": { "value": 0.325 },
        "minecraft:jump.static": {},
        "minecraft:movement.basic": {},
        "minecraft:attack": {
          "damage": 3
        },
        "minecraft:behavior.melee_attack": {
          "priority": 3
        },
        "minecraft:behavior.nearest_attackable_target": {
          "priority": 1,
          "must_see": false,
          "reselect_targets": true,
          "within_radius": 64.0,
          "must_see_forget_duration": 17.0,
          "entity_types": [
            {
              "filters": {
                "any_of": [
                  { "test": "is_family", "subject": "other", "value": "marker" }
                ]
              },
              "max_dist": 64,
              "must_see": false
            }
          ]
        }
      },
      "nofollow": {
        "minecraft:type_family": {
          "family": ["npc"]
        },
        "minecraft:health": {
          "value": 1,
          "max": 1,
          "min": 1
        },
        "minecraft:npc": {
          "npc_data": {
            "picker_offsets": {
              "scale": [1.75, 1.75, 1.75],
              "translate": [0, 21, 0]
            },
            "portrait_offsets": {
              "scale": [1.5, 1.5, 1.5],
              "translate": [-3, 20, 0]
            },
            "skin_list": [
              {
                "variant": 0
              }
            ]
          }
        },
        "minecraft:behavior.look_at_player": {
          "look_distance": 16.0,
          "angle_of_view_horizontal": 360,
          "angle_of_view_vertical": 360,
          "look_time": [0.1, 0.2],
          "priority": 2,
          "probability": 1.0
        }
      },
      "nomarker": {
        "minecraft:mark_variant": {
          "value": 0
        }
      },
      "marker": {
        "minecraft:mark_variant": {
          "value": 2
        }
      }
    },

    "components": {
      "minecraft:health": {
        "value": 1,
        "max": 1,
        "min": 1
      },
      "minecraft:variant": {
        "value": 0
      },
      "minecraft:tick_world": {
        "distance_to_players": 128,
        "never_despawn": true,
        "radius": 2
      },
      "minecraft:scale": {
        "value": 1.0
      },

      "minecraft:breathable": {
        "breathesAir": true,
        "breathesWater": true,
        "breathes_solids": true
      },
      "minecraft:collision_box": {
        "height": 1.8,
        "width": 0.6
      },
      "minecraft:damage_sensor": {
        "triggers": [
          {
            "deals_damage": false
          }
        ]
      },

      "minecraft:persistent": {},
      "minecraft:physics": {},
      "minecraft:pushable": {
        "is_pushable": false,
        "is_pushable_by_piston": false
      },
      "minecraft:nameable": {
        "allow_name_tag_renaming": false,
        "always_show": false
      }
    },

    "events": {
      "minecraft:entity_spawned": {
        "add": {
          "component_groups": ["nofollow"]
        }
      },
      "e_nomarker": {
        "add": {
          "component_groups": ["nomarker"]
        },
        "remove": {
          "component_groups": ["marker"]
        }
      },
      "e_marker": {
        "add": {
          "component_groups": ["marker"]
        },
        "remove": {
          "component_groups": ["nomarker"]
        }
      },
      "e_nofollow": {
        "add": {
          "component_groups": ["nofollow"]
        },
        "remove": {
          "component_groups": ["follow"]
        }
      },
      "e_follow": {
        "add": {
          "component_groups": ["follow"]
        },
        "remove": {
          "component_groups": ["nofollow"]
        }
      }
    }
  }
}
