{
  "format_version": "1.14.0",
  "minecraft:entity": {
    "description": {
      "identifier": "cleverlike:officechair",
      "is_spawnable": false,
      "is_summonable": true,
      "is_experimental": false
    },
    "components": {
      "minecraft:health": {
        "value": 1,
        "max": 1,
        "min": 1
      },
      "minecraft:scale": {
				"value": 1.0
			},

      "minecraft:breathable": {
        "breathesAir": true,
        "breathesWater": true,
        "breathes_solids": true
      },
      "minecraft:collision_box": {
        "height": 1.0,
        "width": 0.5
      },
      "minecraft:damage_sensor": {
        "triggers": [
          {
            "deals_damage": false
          }
        ]
      },

      "minecraft:persistent": {
      },
      "minecraft:physics": {
      },
      "minecraft:pushable": {
        "is_pushable": false,
        "is_pushable_by_piston": false
      },
      "minecraft:rideable": {
        "seat_count": 2,
        "interact_text": "action.interact.ride.chair",
        "rider_can_interact": true,
        "pull_in_entities": true,
        "seats": {
          "position": [ 0, 0.4, 0 ]
        }
      },
      "minecraft:input_ground_controlled": {},
      "minecraft:movement": {
        "value": 1.0
      },
      "minecraft:movement.basic": {
        "max_turn": 30
      }

   }

  }
}
