{
    "format_version": "1.16.0",
    "minecraft:entity": {
      "description": {
        "identifier": "cleverlike:scenerider",
        "is_spawnable": false,
        "is_summonable": true,
        "is_experimental": false
      },

      "components": {
        "minecraft:breathable": {
          "totalSupply": 15,
          "suffocateTime": 0
        },
        "minecraft:nameable": {},
        "minecraft:health": {
          "value": 1,
          "max": 1
        },


        "minecraft:scale": {
          "value": 1
        },
        "minecraft:collision_box": {
          "width": 0,
          "height": 0
        },
        "minecraft:movement": {
          "value": 0
        },
        "minecraft:navigation.float": {
          "can_path_over_water": true
        },
  
        "minecraft:type_family": {
          "family": ["scenerider"]
        },
        "minecraft:jump.static": {},
        "minecraft:behavior.float": {
          "priority": 0
        },
        "minecraft:damage_sensor": {
          "triggers": {
            "deals_damage": false
          }
        },
        "minecraft:tick_world": {
          "distance_to_players": 128,
          "never_despawn": true,
          "radius": 3
        },
        "minecraft:rideable": {
          "seats": {
            "rotate_rider_by": 270,
            "max_rider_count": 1,
            "min_rider_count": 0,
            "position": [0, 0, 0]
            
        },
          "controlling_seat": 0,
          "crouching_skip_interact": true,
          "family_types": ["player"],
          "interact_text": "",
          "pull_in_entities": false,
          "rider_can_interact": false,
          "seat_count": 1
        }
      }
  }
}
  