{
	"format_version": "1.12.0",
	"minecraft:geometry": [
		{
			"description": {
				"identifier": "geometry.arcade5",
				"texture_width": 128,
				"texture_height": 128,
				"visible_bounds_width": 3,
				"visible_bounds_height": 3.5,
				"visible_bounds_offset": [0, 1.25, 0]
			},
			"bones": [
				{
					"name": "bb_main",
					"pivot": [0, 0, 0],
					"cubes": [
						{
							"origin": [-8, 0, -4],
							"size": [16, 13, 12],
							"uv": {
								"north": {"uv": [0, 15], "uv_size": [16, 13]},
								"east": {"uv": [46, 18], "uv_size": [12, 13]},
								"south": {"uv": [16, 15], "uv_size": [16, 13]},
								"west": {"uv": [46, 31], "uv_size": [12, 13]},
								"up": {"uv": [14, 28], "uv_size": [16, 12]},
								"down": {"uv": [30, 40], "uv_size": [16, -12]}
							}
						},
						{
							"origin": [-7, 14, -8],
							"size": [14, 3.025, 15],
							"uv": {
								"north": {"uv": [52, 59], "uv_size": [14, 3]},
								"east": {"uv": [58, 41], "uv_size": [15, 3]},
								"south": {"uv": [60, 44], "uv_size": [14, 3]},
								"west": {"uv": [37, 59], "uv_size": [15, 3]},
								"up": {"uv": [78, 16], "uv_size": [16, 15]},
								"down": {"uv": [14, 15], "uv_size": [14, -15]}
							}
						},
						{
							"origin": [-7, 17, -2],
							"size": [14, 1, 8.975],
							"uv": {
								"north": {"uv": [39, 66], "uv_size": [14, 1]},
								"east": {"uv": [37, 58], "uv_size": [9, 1]},
								"south": {"uv": [53, 66], "uv_size": [14, 1]},
								"west": {"uv": [0, 60], "uv_size": [9, 1]},
								"up": {"uv": [46, 44], "uv_size": [14, 9]},
								"down": {"uv": [9, 62], "uv_size": [14, -9]}
							}
						},
						{
							"origin": [-7, 13, -7],
							"size": [14, 1, 14],
							"uv": {
								"north": {"uv": [39, 64], "uv_size": [14, 1]},
								"east": {"uv": [64, 39], "uv_size": [14, 1]},
								"south": {"uv": [64, 40], "uv_size": [14, 1]},
								"west": {"uv": [53, 64], "uv_size": [14, 1]},
								"up": {"uv": [0, 28], "uv_size": [14, 14]},
								"down": {"uv": [28, 14], "uv_size": [14, -14]}
							}
						},
						{
							"origin": [7, 13, -4],
							"size": [1, 5, 3],
							"uv": {
								"north": {"uv": [12, 48], "uv_size": [1, 5]},
								"east": {"uv": [9, 48], "uv_size": [3, 5]},
								"south": {"uv": [26, 53], "uv_size": [1, 5]},
								"west": {"uv": [23, 53], "uv_size": [3, 5]},
								"up": {"uv": [66, 59], "uv_size": [1, 3]},
								"down": {"uv": [67, 62], "uv_size": [1, -3]}
							}
						},
						{
							"origin": [7.05, 15, -5],
							"size": [1, 5, 3],
							"pivot": [7.55, 17, -3],
							"rotation": [-52.5, 0, 0],
							"uv": {
								"north": {"uv": [63, 67], "uv_size": [1, 5]},
								"east": {"uv": [30, 63], "uv_size": [3, 5]},
								"south": {"uv": [64, 67], "uv_size": [1, 5]},
								"west": {"uv": [33, 63], "uv_size": [3, 5]},
								"up": {"uv": [68, 59], "uv_size": [1, 3]},
								"down": {"uv": [69, 11], "uv_size": [1, -3]}
							}
						},
						{
							"origin": [7.025, 17.8527, -2.48481],
							"size": [1, 6, 2],
							"pivot": [7.525, 19.8527, -0.48481],
							"rotation": [-22.5, 0, 0],
							"uv": {
								"north": {"uv": [47, 67], "uv_size": [1, 6]},
								"east": {"uv": [2, 66], "uv_size": [2, 6]},
								"south": {"uv": [48, 67], "uv_size": [1, 6]},
								"west": {"uv": [4, 66], "uv_size": [2, 6]},
								"up": {"uv": [42, 12], "uv_size": [1, 2]},
								"down": {"uv": [43, 14], "uv_size": [1, -2]}
							}
						},
						{
							"origin": [7, 13, -1],
							"size": [1, 18, 9],
							"uv": {
								"north": {"uv": [26, 63], "uv_size": [1, 18]},
								"east": {"uv": [28, 40], "uv_size": [9, 18]},
								"south": {"uv": [27, 63], "uv_size": [1, 18]},
								"west": {"uv": [37, 40], "uv_size": [9, 18]},
								"up": {"uv": [41, 67], "uv_size": [1, 9]},
								"down": {"uv": [42, 76], "uv_size": [1, -9]}
							}
						},
						{
							"origin": [7, 13, -9],
							"size": [1, 5, 1],
							"uv": {
								"north": {"uv": [27, 53], "uv_size": [1, 5]},
								"east": {"uv": [67, 33], "uv_size": [1, 5]},
								"south": {"uv": [61, 67], "uv_size": [1, 5]},
								"west": {"uv": [62, 67], "uv_size": [1, 5]},
								"up": {"uv": [28, 14], "uv_size": [1, 1]},
								"down": {"uv": [29, 15], "uv_size": [1, -1]}
							}
						},
						{
							"origin": [7.025, 12.1, -8.79289],
							"size": [0.95, 1.4, 1],
							"pivot": [7.5, 13, -8.29289],
							"rotation": [45, 0, 0],
							"uv": {
								"north": {"uv": [30, 14], "uv_size": [1, 1]},
								"east": {"uv": [31, 14], "uv_size": [1, 1]},
								"south": {"uv": [13, 52], "uv_size": [1, 1]},
								"west": {"uv": [0, 61], "uv_size": [1, 1]},
								"up": {"uv": [1, 61], "uv_size": [1, 1]},
								"down": {"uv": [2, 62], "uv_size": [1, -1]}
							}
						},
						{
							"origin": [-7.15, 13.1, -7.79289],
							"size": [14.3, 1.4, 1],
							"pivot": [6.5, 14, -7.29289],
							"rotation": [45, 0, 0],
							"uv": {
								"north": {"uv": [39, 65], "uv_size": [14, 1]},
								"east": {"uv": [3, 61], "uv_size": [1, 1]},
								"south": {"uv": [53, 65], "uv_size": [14, 1]},
								"west": {"uv": [4, 61], "uv_size": [1, 1]},
								"up": {"uv": [65, 62], "uv_size": [14, 1]},
								"down": {"uv": [65, 64], "uv_size": [14, -1]}
							}
						},
						{
							"origin": [7, 12, -8],
							"size": [1, 6, 4],
							"uv": {
								"north": {"uv": [49, 67], "uv_size": [1, 6]},
								"east": {"uv": [42, 0], "uv_size": [4, 6]},
								"south": {"uv": [50, 67], "uv_size": [1, 6]},
								"west": {"uv": [42, 6], "uv_size": [4, 6]},
								"up": {"uv": [34, 68], "uv_size": [1, 4]},
								"down": {"uv": [35, 72], "uv_size": [1, -4]}
							}
						},
						{
							"origin": [-7, 17, 6],
							"size": [14, 13.35, 1],
							"uv": {
								"north": {"uv": [32, 14], "uv_size": [14, 13]},
								"east": {"uv": [0, 66], "uv_size": [1, 13]},
								"south": {"uv": [14, 40], "uv_size": [14, 13]},
								"west": {"uv": [1, 66], "uv_size": [1, 13]},
								"up": {"uv": [32, 27], "uv_size": [14, 1]},
								"down": {"uv": [64, 39], "uv_size": [14, -1]}
							}
						},
						{
							"origin": [6, 18, 0],
							"size": [1, 9.35, 6],
							"uv": {
								"north": {"uv": [43, 67], "uv_size": [1, 9]},
								"east": {"uv": [58, 23], "uv_size": [6, 9]},
								"south": {"uv": [44, 67], "uv_size": [1, 9]},
								"west": {"uv": [58, 32], "uv_size": [6, 9]},
								"up": {"uv": [53, 67], "uv_size": [1, 6]},
								"down": {"uv": [54, 73], "uv_size": [1, -6]}
							}
						},
						{
							"origin": [-7, 18, 0],
							"size": [1, 9.35, 6],
							"uv": {
								"north": {"uv": [44, 67], "uv_size": [-1, 9]},
								"east": {"uv": [64, 32], "uv_size": [-6, 9]},
								"south": {"uv": [45, 67], "uv_size": [-1, 9]},
								"west": {"uv": [64, 23], "uv_size": [-6, 9]},
								"up": {"uv": [54, 67], "uv_size": [-1, 6]},
								"down": {"uv": [55, 73], "uv_size": [-1, -6]}
							}
						},
						{
							"origin": [-6.975, 27.71607, 1.07197],
							"size": [13.975, 5.15, 5.55],
							"pivot": [1.0125, 30.79107, 1.17197],
							"rotation": [-25, 0, 0],
							"uv": {
								"north": {"uv": [58, 18], "uv_size": [14, 5]},
								"east": {"uv": [10, 62], "uv_size": [6, 5]},
								"south": {"uv": [23, 58], "uv_size": [14, 5]},
								"west": {"uv": [16, 62], "uv_size": [6, 5]},
								"up": {"uv": [46, 53], "uv_size": [14, 6]},
								"down": {"uv": [55, 6], "uv_size": [14, -6]}
							}
						},
						{
							"origin": [-6.975, 26.67359, 0.05479],
							"size": [13.975, 6.15, 1.55],
							"pivot": [1.0125, 30.74859, 1.15479],
							"rotation": [-10, 0, 0],
							"uv": {
								"north": {"uv": [71, 5], "uv_size": [15, 8]},
								"east": {"uv": [6, 66], "uv_size": [2, 6]},
								"south": {"uv": [55, 12], "uv_size": [14, 6]},
								"west": {"uv": [8, 66], "uv_size": [2, 6]},
								"up": {"uv": [37, 62], "uv_size": [14, 2]},
								"down": {"uv": [51, 64], "uv_size": [14, -2]}
							}
						},
						{
							"origin": [-8, 13, -1],
							"size": [1, 18, 9],
							"uv": {
								"north": {"uv": [28, 63], "uv_size": [1, 18]},
								"east": {"uv": [0, 42], "uv_size": [9, 18]},
								"south": {"uv": [29, 63], "uv_size": [1, 18]},
								"west": {"uv": [46, 0], "uv_size": [9, 18]},
								"up": {"uv": [45, 67], "uv_size": [1, 9]},
								"down": {"uv": [46, 76], "uv_size": [1, -9]}
							}
						},
						{
							"origin": [-8, 13, -4],
							"size": [1, 5, 3],
							"uv": {
								"north": {"uv": [31, 68], "uv_size": [1, 5]},
								"east": {"uv": [64, 33], "uv_size": [3, 5]},
								"south": {"uv": [32, 68], "uv_size": [1, 5]},
								"west": {"uv": [36, 64], "uv_size": [3, 5]},
								"up": {"uv": [22, 69], "uv_size": [1, 3]},
								"down": {"uv": [23, 72], "uv_size": [1, -3]}
							}
						},
						{
							"origin": [-8, 12, -8],
							"size": [1, 6, 4],
							"uv": {
								"north": {"uv": [59, 67], "uv_size": [1, 6]},
								"east": {"uv": [9, 42], "uv_size": [4, 6]},
								"south": {"uv": [60, 67], "uv_size": [1, 6]},
								"west": {"uv": [22, 63], "uv_size": [4, 6]},
								"up": {"uv": [69, 0], "uv_size": [1, 4]},
								"down": {"uv": [69, 8], "uv_size": [1, -4]}
							}
						},
						{
							"origin": [-8, 13, -9],
							"size": [1, 5, 1],
							"uv": {
								"north": {"uv": [66, 67], "uv_size": [1, 5]},
								"east": {"uv": [68, 23], "uv_size": [1, 5]},
								"south": {"uv": [68, 28], "uv_size": [1, 5]},
								"west": {"uv": [30, 68], "uv_size": [1, 5]},
								"up": {"uv": [68, 37], "uv_size": [1, 1]},
								"down": {"uv": [69, 18], "uv_size": [1, -1]}
							}
						},
						{
							"origin": [-7.975, 12.1, -8.79289],
							"size": [0.95, 1.4, 1],
							"pivot": [-7.5, 13, -8.29289],
							"rotation": [45, 0, 0],
							"uv": {
								"north": {"uv": [5, 61], "uv_size": [1, 1]},
								"east": {"uv": [6, 61], "uv_size": [1, 1]},
								"south": {"uv": [7, 61], "uv_size": [1, 1]},
								"west": {"uv": [8, 61], "uv_size": [1, 1]},
								"up": {"uv": [22, 62], "uv_size": [1, 1]},
								"down": {"uv": [36, 64], "uv_size": [1, -1]}
							}
						},
						{
							"origin": [-8.05, 15, -5],
							"size": [1, 5, 3],
							"pivot": [-7.55, 17, -3],
							"rotation": [-52.5, 0, 0],
							"uv": {
								"north": {"uv": [67, 64], "uv_size": [1, 5]},
								"east": {"uv": [64, 23], "uv_size": [3, 5]},
								"south": {"uv": [65, 67], "uv_size": [1, 5]},
								"west": {"uv": [64, 28], "uv_size": [3, 5]},
								"up": {"uv": [69, 11], "uv_size": [1, 3]},
								"down": {"uv": [69, 17], "uv_size": [1, -3]}
							}
						},
						{
							"origin": [-8.025, 17.8527, -2.48481],
							"size": [1, 6, 2],
							"pivot": [-7.525, 19.8527, -0.48481],
							"rotation": [-22.5, 0, 0],
							"uv": {
								"north": {"uv": [57, 67], "uv_size": [1, 6]},
								"east": {"uv": [18, 67], "uv_size": [2, 6]},
								"south": {"uv": [58, 67], "uv_size": [1, 6]},
								"west": {"uv": [20, 67], "uv_size": [2, 6]},
								"up": {"uv": [25, 69], "uv_size": [1, 2]},
								"down": {"uv": [69, 27], "uv_size": [1, -2]}
							}
						},
						{
							"origin": [-8.075, 29.71607, -2.92803],
							"size": [1.05, 4.15, 10.2],
							"pivot": [-2.0125, 30.79107, 1.17197],
							"rotation": [-25, 0, 0],
							"uv": {
								"north": {"uv": [68, 64], "uv_size": [1, 4]},
								"east": {"uv": [60, 55], "uv_size": [10, 4]},
								"south": {"uv": [68, 68], "uv_size": [1, 4]},
								"west": {"uv": [0, 62], "uv_size": [10, 4]},
								"up": {"uv": [39, 67], "uv_size": [1, 10]},
								"down": {"uv": [40, 77], "uv_size": [1, -10]}
							}
						},
						{
							"origin": [-8.05, 29.08543, -1.26615],
							"size": [1, 4, 2],
							"pivot": [-7.55, 29.08543, 0.73385],
							"rotation": [30, 0, 0],
							"uv": {
								"north": {"uv": [55, 67], "uv_size": [1, 6]},
								"east": {"uv": [14, 67], "uv_size": [2, 6]},
								"south": {"uv": [56, 67], "uv_size": [1, 6]},
								"west": {"uv": [16, 67], "uv_size": [2, 6]},
								"up": {"uv": [69, 23], "uv_size": [1, 2]},
								"down": {"uv": [24, 71], "uv_size": [1, -2]}
							}
						},
						{
							"origin": [7.05, 29.08543, -1.26615],
							"size": [1, 4, 2],
							"pivot": [7.55, 29.08543, 0.73385],
							"rotation": [30, 0, 0],
							"uv": {
								"north": {"uv": [56, 67], "uv_size": [-1, 6]},
								"east": {"uv": [18, 67], "uv_size": [-2, 6]},
								"south": {"uv": [57, 67], "uv_size": [-1, 6]},
								"west": {"uv": [16, 67], "uv_size": [-2, 6]},
								"up": {"uv": [70, 23], "uv_size": [-1, 2]},
								"down": {"uv": [25, 71], "uv_size": [-1, -2]}
							}
						},
						{
							"origin": [7.025, 29.71607, -2.92803],
							"size": [1.05, 4.15, 10.2],
							"pivot": [2.0125, 30.79107, 1.17197],
							"rotation": [-25, 0, 0],
							"uv": {
								"north": {"uv": [69, 64], "uv_size": [-1, 4]},
								"east": {"uv": [10, 62], "uv_size": [-10, 4]},
								"south": {"uv": [69, 68], "uv_size": [-1, 4]},
								"west": {"uv": [70, 55], "uv_size": [-10, 4]},
								"up": {"uv": [40, 67], "uv_size": [-1, 10]},
								"down": {"uv": [41, 77], "uv_size": [-1, -10]}
							}
						},
						{
							"origin": [-3.55, 16.6, -6.075],
							"size": [1.9, 1, 2.125],
							"inflate": -0.2,
							"uv": {
								"north": {"uv": [74, 0], "uv_size": [1.9, 1]},
								"east": {"uv": [74, 0], "uv_size": [1.95, 1]},
								"south": {"uv": [74, 0], "uv_size": [1.9, 1]},
								"west": {"uv": [74, 0], "uv_size": [1.975, 1.025]},
								"up": {"uv": [75.975, 2], "uv_size": [-1.975, -2]},
								"down": {"uv": [75.975, 2], "uv_size": [-1.975, -2]}
							}
						},
						{
							"origin": [-6.175, 16.6, -6.075],
							"size": [1.9, 1, 2.125],
							"inflate": -0.2,
							"uv": {
								"north": {"uv": [72, 0], "uv_size": [1.9, 1]},
								"east": {"uv": [72, 0], "uv_size": [1.95, 1]},
								"south": {"uv": [72, 0], "uv_size": [1.9, 1]},
								"west": {"uv": [72, 0], "uv_size": [1.975, 1.025]},
								"up": {"uv": [73.975, 2], "uv_size": [-1.975, -2]},
								"down": {"uv": [73.975, 2], "uv_size": [-1.975, -2]}
							}
						},
						{
							"origin": [-0.975, 16.6, -6.075],
							"size": [1.9, 1, 2.125],
							"inflate": -0.2,
							"uv": {
								"north": {"uv": [76, 0], "uv_size": [1.9, 1]},
								"east": {"uv": [76, 0], "uv_size": [1.95, 1]},
								"south": {"uv": [76, 0], "uv_size": [1.9, 1]},
								"west": {"uv": [76, 0], "uv_size": [1.975, 1.025]},
								"up": {"uv": [77.975, 2], "uv_size": [-1.975, -2]},
								"down": {"uv": [77.975, 2], "uv_size": [-1.975, -2]}
							}
						},
						{
							"origin": [1.675, 16.6, -6.075],
							"size": [1.9, 1, 2.125],
							"inflate": -0.2,
							"uv": {
								"north": {"uv": [78, 0], "uv_size": [1.9, 1]},
								"east": {"uv": [78, 0], "uv_size": [1.95, 1]},
								"south": {"uv": [78, 0], "uv_size": [1.9, 1]},
								"west": {"uv": [78, 0], "uv_size": [1.975, 1.025]},
								"up": {"uv": [79.975, 2], "uv_size": [-1.975, -2]},
								"down": {"uv": [79.975, 2], "uv_size": [-1.975, -2]}
							}
						},
						{
							"origin": [4.3, 16.6, -6.075],
							"size": [1.9, 1, 2.125],
							"inflate": -0.2,
							"uv": {
								"north": {"uv": [80, 0], "uv_size": [1.9, 1]},
								"east": {"uv": [80, 0], "uv_size": [1.95, 1]},
								"south": {"uv": [80, 0], "uv_size": [1.9, 1]},
								"west": {"uv": [80, 0], "uv_size": [1.975, 1.025]},
								"up": {"uv": [81.975, 2], "uv_size": [-1.975, -2]},
								"down": {"uv": [81.975, 2], "uv_size": [-1.975, -2]}
							}
						}
					]
				}
			]
		}
	]
}