{
	"format_version": "1.12.0",
	"minecraft:geometry": [
		{
			"description": {
				"identifier": "geometry.arcade2",
				"texture_width": 128,
				"texture_height": 128,
				"visible_bounds_width": 3,
				"visible_bounds_height": 3.5,
				"visible_bounds_offset": [0, 1.25, 0]
			},
			"bones": [
				{
					"name": "arcade_2",
					"pivot": [-6.5, 17.4588, -6.69344],
					"cubes": [
						{
							"origin": [-9, 16.58013, -10.49519],
							"size": [18, 1, 4],
							"uv": {
								"north": {"uv": [40, 68], "uv_size": [18, 1]},
								"east": {"uv": [28, 34], "uv_size": [4, 1]},
								"south": {"uv": [68, 44], "uv_size": [18, 1]},
								"west": {"uv": [28, 35], "uv_size": [4, 1]},
								"up": {"uv": [60, 0], "uv_size": [18, 4]},
								"down": {"uv": [60, 8], "uv_size": [18, -4]}
							}
						},
						{
							"origin": [-7.925, 15.58013, -10.49519],
							"size": [15.85, 1, 5],
							"uv": {
								"north": {"uv": [0, 70], "uv_size": [16, 1]},
								"east": {"uv": [16, 65], "uv_size": [4, 1]},
								"south": {"uv": [70, 30], "uv_size": [16, 1]},
								"west": {"uv": [20, 65], "uv_size": [4, 1]},
								"up": {"uv": [56, 64], "uv_size": [16, 4]},
								"down": {"uv": [0, 69], "uv_size": [16, -4]}
							}
						},
						{
							"origin": [-7, 0, -7],
							"size": [14, 16.625, 13],
							"uv": {
								"north": {"uv": [32, 0], "uv_size": [14, 18]},
								"east": {"uv": [28, 36], "uv_size": [13, 18]},
								"south": {"uv": [32, 18], "uv_size": [14, 18]},
								"west": {"uv": [41, 36], "uv_size": [13, 18]},
								"up": {"uv": [46, 0], "uv_size": [14, 13]},
								"down": {"uv": [46, 26], "uv_size": [14, -13]}
							}
						},
						{
							"origin": [-7, 0, -8],
							"size": [0.225, 7.625, 1],
							"uv": {
								"north": {"uv": [53, 26], "uv_size": [1, 8]},
								"east": {"uv": [70, 36], "uv_size": [1, 8]},
								"south": {"uv": [49, 70], "uv_size": [1, 8]},
								"west": {"uv": [50, 70], "uv_size": [1, 8]},
								"up": {"uv": [5, 73], "uv_size": [1, 1]},
								"down": {"uv": [6, 74], "uv_size": [1, -1]}
							}
						},
						{
							"origin": [-7, 0, -9],
							"size": [0.225, 4.625, 1],
							"uv": {
								"north": {"uv": [55, 70], "uv_size": [1, 5]},
								"east": {"uv": [62, 70], "uv_size": [1, 5]},
								"south": {"uv": [63, 70], "uv_size": [1, 5]},
								"west": {"uv": [64, 70], "uv_size": [1, 5]},
								"up": {"uv": [7, 73], "uv_size": [1, 1]},
								"down": {"uv": [8, 74], "uv_size": [1, -1]}
							}
						},
						{
							"origin": [-7, 18, 6],
							"size": [14, 12.075, 1],
							"uv": {
								"north": {"uv": [26, 54], "uv_size": [14, 12]},
								"east": {"uv": [46, 70], "uv_size": [1, 12]},
								"south": {"uv": [54, 26], "uv_size": [14, 12]},
								"west": {"uv": [70, 46], "uv_size": [1, 12]},
								"up": {"uv": [16, 70], "uv_size": [14, 1]},
								"down": {"uv": [70, 32], "uv_size": [14, -1]}
							}
						},
						{
							"origin": [-7, 17, -6],
							"size": [14, 1.675, 4],
							"uv": {
								"north": {"uv": [40, 62], "uv_size": [14, 2]},
								"east": {"uv": [71, 37], "uv_size": [1, 2]},
								"south": {"uv": [16, 68], "uv_size": [14, 2]},
								"west": {"uv": [71, 39], "uv_size": [1, 2]},
								"up": {"uv": [70, 32], "uv_size": [14, 1]},
								"down": {"uv": [70, 34], "uv_size": [14, -1]}
							}
						},
						{
							"origin": [-7, 18, -4],
							"size": [14, 1.675, 10],
							"uv": {
								"north": {"uv": [68, 26], "uv_size": [14, 2]},
								"east": {"uv": [46, 34], "uv_size": [8, 2]},
								"south": {"uv": [68, 28], "uv_size": [14, 2]},
								"west": {"uv": [60, 68], "uv_size": [8, 2]},
								"up": {"uv": [87, 35], "uv_size": [14, 12]},
								"down": {"uv": [40, 62], "uv_size": [14, -8]}
							}
						},
						{
							"origin": [-8, 2, -7.925],
							"size": [1, 16, 15.925],
							"uv": {
								"north": {"uv": [56, 69], "uv_size": [1, 16]},
								"east": {"uv": [0, 18], "uv_size": [16, 16]},
								"south": {"uv": [57, 69], "uv_size": [1, 16]},
								"west": {"uv": [16, 18], "uv_size": [16, 16]},
								"up": {"uv": [68, 69], "uv_size": [1, 16]},
								"down": {"uv": [69, 85], "uv_size": [1, -16]}
							}
						},
						{
							"origin": [-8, 0, -10.175],
							"size": [1, 2, 18.175],
							"uv": {
								"north": {"uv": [71, 48], "uv_size": [1, 2]},
								"east": {"uv": [60, 24], "uv_size": [18, 2]},
								"south": {"uv": [71, 50], "uv_size": [1, 2]},
								"west": {"uv": [16, 66], "uv_size": [18, 2]},
								"up": {"uv": [58, 68], "uv_size": [1, 18]},
								"down": {"uv": [59, 86], "uv_size": [1, -18]}
							}
						},
						{
							"origin": [-8, 16.58013, -11.49519],
							"size": [16, 1, 1],
							"uv": {
								"north": {"uv": [68, 45], "uv_size": [16, 1]},
								"east": {"uv": [72, 62], "uv_size": [1, 1]},
								"south": {"uv": [68, 68], "uv_size": [16, 1]},
								"west": {"uv": [4, 73], "uv_size": [1, 1]},
								"up": {"uv": [0, 69], "uv_size": [16, 1]},
								"down": {"uv": [40, 70], "uv_size": [16, -1]}
							}
						},
						{
							"origin": [-7, 0, 6],
							"size": [14, 18, 1],
							"uv": {
								"north": {"uv": [0, 34], "uv_size": [14, 18]},
								"east": {"uv": [32, 68], "uv_size": [1, 18]},
								"south": {"uv": [14, 34], "uv_size": [14, 18]},
								"west": {"uv": [33, 68], "uv_size": [1, 18]},
								"up": {"uv": [70, 34], "uv_size": [14, 1]},
								"down": {"uv": [70, 36], "uv_size": [14, -1]}
							}
						},
						{
							"origin": [-8.025, -0.5, -9.275],
							"size": [1, 13.5, 2],
							"pivot": [-7.45, 6, -7.775],
							"rotation": [-12.5, 0, 0],
							"uv": {
								"north": {"uv": [40, 70], "uv_size": [1, 14]},
								"east": {"uv": [30, 68], "uv_size": [2, 14]},
								"south": {"uv": [41, 70], "uv_size": [1, 14]},
								"west": {"uv": [68, 30], "uv_size": [2, 14]},
								"up": {"uv": [71, 41], "uv_size": [1, 2]},
								"down": {"uv": [71, 48], "uv_size": [1, -2]}
							}
						},
						{
							"origin": [-7.95, 17.5, -6.6],
							"size": [1, 12, 3],
							"pivot": [-7.45, 24, -5.1],
							"rotation": [-12.5, 0, 0],
							"uv": {
								"north": {"uv": [47, 70], "uv_size": [1, 12]},
								"east": {"uv": [34, 66], "uv_size": [3, 12]},
								"south": {"uv": [48, 70], "uv_size": [1, 12]},
								"west": {"uv": [37, 66], "uv_size": [3, 12]},
								"up": {"uv": [28, 71], "uv_size": [1, 3]},
								"down": {"uv": [29, 74], "uv_size": [1, -3]}
							}
						},
						{
							"origin": [-7.95, 29.5, -11.6],
							"size": [16, 4, 7],
							"inflate": 0.1,
							"pivot": [-7.45, 24, -5.1],
							"rotation": [-12.5, 0, 0],
							"uv": {
								"north": {"uv": [60, 16], "uv_size": [16, 4]},
								"east": {"uv": [46, 26], "uv_size": [7, 4]},
								"south": {"uv": [60, 20], "uv_size": [16, 4]},
								"west": {"uv": [46, 30], "uv_size": [7, 4]},
								"up": {"uv": [54, 46], "uv_size": [16, 7]},
								"down": {"uv": [54, 60], "uv_size": [16, -7]}
							}
						},
						{
							"origin": [-0.95, 29.175, -9.55],
							"size": [2, 1, 3],
							"pivot": [-7.45, 24, -5.1],
							"rotation": [-12.5, 0, 0],
							"uv": {
								"north": {"uv": [24, 65], "uv_size": [2, 1]},
								"east": {"uv": [70, 63], "uv_size": [3, 1]},
								"south": {"uv": [71, 43], "uv_size": [2, 1]},
								"west": {"uv": [71, 36], "uv_size": [3, 1]},
								"up": {"uv": [70, 58], "uv_size": [2, 3]},
								"down": {"uv": [60, 73], "uv_size": [2, -3]}
							}
						},
						{
							"origin": [-7.95, 30.53091, -9.48032],
							"size": [16, 4, 18],
							"pivot": [0.05, 32.53091, -5.98032],
							"rotation": [-2.5, 0, 0],
							"uv": {
								"north": {"uv": [54, 60], "uv_size": [16, 4]},
								"east": {"uv": [60, 8], "uv_size": [18, 4]},
								"south": {"uv": [40, 64], "uv_size": [16, 4]},
								"west": {"uv": [60, 12], "uv_size": [18, 4]},
								"up": {"uv": [0, 0], "uv_size": [16, 18]},
								"down": {"uv": [16, 18], "uv_size": [16, -18]}
							}
						},
						{
							"origin": [-7.9, 17.53091, -4.48032],
							"size": [1, 13, 13],
							"pivot": [0.05, 32.53091, -5.98032],
							"rotation": [-2.5, 0, 0],
							"uv": {
								"north": {"uv": [42, 70], "uv_size": [1, 13]},
								"east": {"uv": [0, 52], "uv_size": [13, 13]},
								"south": {"uv": [43, 70], "uv_size": [1, 13]},
								"west": {"uv": [13, 52], "uv_size": [13, 13]},
								"up": {"uv": [44, 70], "uv_size": [1, 13]},
								"down": {"uv": [45, 83], "uv_size": [1, -13]}
							}
						},
						{
							"origin": [6.775, 0, -9],
							"size": [0.225, 4.625, 1],
							"uv": {
								"north": {"uv": [56, 70], "uv_size": [-1, 5]},
								"east": {"uv": [65, 70], "uv_size": [-1, 5]},
								"south": {"uv": [64, 70], "uv_size": [-1, 5]},
								"west": {"uv": [63, 70], "uv_size": [-1, 5]},
								"up": {"uv": [8, 73], "uv_size": [-1, 1]},
								"down": {"uv": [9, 74], "uv_size": [-1, -1]}
							}
						},
						{
							"origin": [6.775, 0, -8],
							"size": [0.225, 7.625, 1],
							"uv": {
								"north": {"uv": [54, 26], "uv_size": [-1, 8]},
								"east": {"uv": [51, 70], "uv_size": [-1, 8]},
								"south": {"uv": [50, 70], "uv_size": [-1, 8]},
								"west": {"uv": [71, 36], "uv_size": [-1, 8]},
								"up": {"uv": [6, 73], "uv_size": [-1, 1]},
								"down": {"uv": [7, 74], "uv_size": [-1, -1]}
							}
						},
						{
							"origin": [7.025, -0.5, -9.275],
							"size": [1, 13.5, 2],
							"pivot": [7.45, 6, -7.775],
							"rotation": [-12.5, 0, 0],
							"uv": {
								"north": {"uv": [41, 70], "uv_size": [-1, 14]},
								"east": {"uv": [70, 30], "uv_size": [-2, 14]},
								"south": {"uv": [42, 70], "uv_size": [-1, 14]},
								"west": {"uv": [32, 68], "uv_size": [-2, 14]},
								"up": {"uv": [72, 41], "uv_size": [-1, 2]},
								"down": {"uv": [72, 48], "uv_size": [-1, -2]}
							}
						},
						{
							"origin": [7, 2, -7.925],
							"size": [1, 16, 15.925],
							"uv": {
								"north": {"uv": [57, 69], "uv_size": [-1, 16]},
								"east": {"uv": [32, 18], "uv_size": [-16, 16]},
								"south": {"uv": [58, 69], "uv_size": [-1, 16]},
								"west": {"uv": [29, 86], "uv_size": [-16, 16]},
								"up": {"uv": [69, 69], "uv_size": [-1, 16]},
								"down": {"uv": [70, 85], "uv_size": [-1, -16]}
							}
						},
						{
							"origin": [7, 0, -10.175],
							"size": [1, 2, 18.175],
							"uv": {
								"north": {"uv": [72, 48], "uv_size": [-1, 2]},
								"east": {"uv": [34, 66], "uv_size": [-18, 2]},
								"south": {"uv": [72, 50], "uv_size": [-1, 2]},
								"west": {"uv": [78, 24], "uv_size": [-18, 2]},
								"up": {"uv": [59, 68], "uv_size": [-1, 18]},
								"down": {"uv": [60, 86], "uv_size": [-1, -18]}
							}
						},
						{
							"origin": [6.9, 17.53091, -4.48032],
							"size": [1, 13, 13],
							"pivot": [-0.05, 32.53091, -5.98032],
							"rotation": [-2.5, 0, 0],
							"uv": {
								"north": {"uv": [43, 70], "uv_size": [-1, 13]},
								"east": {"uv": [26, 52], "uv_size": [-13, 13]},
								"south": {"uv": [44, 70], "uv_size": [-1, 13]},
								"west": {"uv": [13, 86], "uv_size": [-13, 13]},
								"up": {"uv": [45, 70], "uv_size": [-1, 13]},
								"down": {"uv": [46, 83], "uv_size": [-1, -13]}
							}
						},
						{
							"origin": [6.95, 17.5, -6.6],
							"size": [1, 12, 3],
							"pivot": [7.45, 24, -5.1],
							"rotation": [-12.5, 0, 0],
							"uv": {
								"north": {"uv": [48, 70], "uv_size": [-1, 12]},
								"east": {"uv": [40, 66], "uv_size": [-3, 12]},
								"south": {"uv": [49, 70], "uv_size": [-1, 12]},
								"west": {"uv": [37, 80], "uv_size": [-3, 12]},
								"up": {"uv": [29, 71], "uv_size": [-1, 3]},
								"down": {"uv": [30, 74], "uv_size": [-1, -3]}
							}
						}
					]
				},
				{
					"name": "LEVA",
					"parent": "arcade_2",
					"pivot": [-7.5, 17.4588, -5.69344],
					"cubes": [
						{
							"origin": [-5.775, 18.575, -8.3],
							"size": [1.5, 1.5, 1.5],
							"uv": {
								"north": {"uv": [75, 75], "uv_size": [2, 2]},
								"east": {"uv": [70, 61], "uv_size": [2, 2]},
								"south": {"uv": [75, 75], "uv_size": [2, 2]},
								"west": {"uv": [75, 75], "uv_size": [2, 2]},
								"up": {"uv": [75, 75], "uv_size": [2, 2]},
								"down": {"uv": [75, 77], "uv_size": [2, -2]}
							}
						},
						{
							"origin": [-5.4, 17.3, -7.9],
							"size": [0.7, 1.5, 0.7],
							"uv": {
								"north": {"uv": [71, 52], "uv_size": [1, 2]},
								"east": {"uv": [71, 54], "uv_size": [1, 2]},
								"south": {"uv": [71, 56], "uv_size": [1, 2]},
								"west": {"uv": [71, 69], "uv_size": [1, 2]},
								"up": {"uv": [13, 73], "uv_size": [1, 1]},
								"down": {"uv": [14, 74], "uv_size": [1, -1]}
							}
						},
						{
							"origin": [4.275, 18.575, -8.3],
							"size": [1.5, 1.5, 1.5],
							"uv": {
								"north": {"uv": [79, 75], "uv_size": [2, 2]},
								"east": {"uv": [79, 75], "uv_size": [2, 2]},
								"south": {"uv": [79, 75], "uv_size": [2, 2]},
								"west": {"uv": [79, 75], "uv_size": [2, 2]},
								"up": {"uv": [79, 75], "uv_size": [2, 2]},
								"down": {"uv": [79, 77], "uv_size": [2, -2]}
							}
						},
						{
							"origin": [4.7, 17.3, -7.9],
							"size": [0.7, 1.5, 0.7],
							"uv": {
								"north": {"uv": [0, 73], "uv_size": [1, 2]},
								"east": {"uv": [1, 73], "uv_size": [1, 2]},
								"south": {"uv": [2, 73], "uv_size": [1, 2]},
								"west": {"uv": [3, 73], "uv_size": [1, 2]},
								"up": {"uv": [19, 73], "uv_size": [1, 1]},
								"down": {"uv": [20, 74], "uv_size": [1, -1]}
							}
						}
					]
				},
				{
					"name": "LEVA2",
					"parent": "arcade_2",
					"pivot": [-5.5, 17.4588, -7.69344],
					"cubes": [
						{
							"origin": [-3.775, 18.575, -10.3],
							"size": [1.5, 1.5, 1.5],
							"uv": {
								"north": {"uv": [73, 75], "uv_size": [2, 2]},
								"east": {"uv": [8, 71], "uv_size": [2, 2]},
								"south": {"uv": [73, 75], "uv_size": [2, 2]},
								"west": {"uv": [73, 75], "uv_size": [2, 2]},
								"up": {"uv": [73, 75], "uv_size": [2, 2]},
								"down": {"uv": [73, 77], "uv_size": [2, -2]}
							}
						},
						{
							"origin": [-3.4, 17.3, -9.9],
							"size": [0.7, 1.5, 0.7],
							"uv": {
								"north": {"uv": [72, 46], "uv_size": [1, 2]},
								"east": {"uv": [72, 48], "uv_size": [1, 2]},
								"south": {"uv": [72, 50], "uv_size": [1, 2]},
								"west": {"uv": [72, 52], "uv_size": [1, 2]},
								"up": {"uv": [15, 73], "uv_size": [1, 1]},
								"down": {"uv": [16, 74], "uv_size": [1, -1]}
							}
						},
						{
							"origin": [2.275, 18.575, -10.3],
							"size": [1.5, 1.5, 1.5],
							"uv": {
								"north": {"uv": [77, 75], "uv_size": [2, 2]},
								"east": {"uv": [77, 75], "uv_size": [2, 2]},
								"south": {"uv": [77, 75], "uv_size": [2, 2]},
								"west": {"uv": [77, 75], "uv_size": [2, 2]},
								"up": {"uv": [77, 75], "uv_size": [2, 2]},
								"down": {"uv": [77, 77], "uv_size": [2, -2]}
							}
						},
						{
							"origin": [2.7, 17.3, -9.9],
							"size": [0.7, 1.5, 0.7],
							"uv": {
								"north": {"uv": [72, 54], "uv_size": [1, 2]},
								"east": {"uv": [72, 56], "uv_size": [1, 2]},
								"south": {"uv": [72, 58], "uv_size": [1, 2]},
								"west": {"uv": [72, 60], "uv_size": [1, 2]},
								"up": {"uv": [17, 73], "uv_size": [1, 1]},
								"down": {"uv": [18, 74], "uv_size": [1, -1]}
							}
						}
					]
				}
			]
		}
	]
}