{
	"format_version": "1.12.0",
	"minecraft:geometry": [
		{
			"description": {
				"identifier": "geometry.arcade4",
				"texture_width": 128,
				"texture_height": 128,
				"visible_bounds_width": 2,
				"visible_bounds_height": 3.5,
				"visible_bounds_offset": [0, 1.25, 0]
			},
			"bones": [
				{
					"name": "bb_main",
					"pivot": [0, 0, 0],
					"cubes": [
						{
							"origin": [-8, 0, -8],
							"size": [16, 14.625, 16],
							"uv": {
								"north": {"uv": [16, 0], "uv_size": [16, 15]},
								"east": {"uv": [16, 15], "uv_size": [16, 15]},
								"south": {"uv": [16, 30], "uv_size": [16, 15]},
								"west": {"uv": [0, 32], "uv_size": [16, 15]},
								"up": {"uv": [0, 0], "uv_size": [16, 16]},
								"down": {"uv": [0, 32], "uv_size": [16, -16]}
							}
						},
						{
							"origin": [-7, 13.825, -1],
							"size": [14, 1.625, 8],
							"uv": {
								"north": {"uv": [52, 38], "uv_size": [14, 2]},
								"east": {"uv": [52, 56], "uv_size": [8, 2]},
								"south": {"uv": [30, 54], "uv_size": [14, 2]},
								"west": {"uv": [18, 58], "uv_size": [8, 2]},
								"up": {"uv": [16, 45], "uv_size": [14, 8]},
								"down": {"uv": [46, 8], "uv_size": [14, -8]}
							}
						},
						{
							"origin": [-7, 30.35513, -1.64519],
							"size": [14, 4, 5.5],
							"uv": {
								"north": {"uv": [52, 26], "uv_size": [14, 4]},
								"east": {"uv": [30, 56], "uv_size": [6, 4]},
								"south": {"uv": [52, 30], "uv_size": [14, 4]},
								"west": {"uv": [36, 56], "uv_size": [6, 4]},
								"up": {"uv": [0, 47], "uv_size": [14, 6]},
								"down": {"uv": [52, 14], "uv_size": [14, -6]}
							}
						},
						{
							"origin": [6.925, 29.93013, -2.14519],
							"size": [1, 4.925, 6],
							"uv": {
								"north": {"uv": [18, 60], "uv_size": [1, 5]},
								"east": {"uv": [18, 53], "uv_size": [6, 5]},
								"south": {"uv": [19, 60], "uv_size": [1, 5]},
								"west": {"uv": [24, 53], "uv_size": [6, 5]},
								"up": {"uv": [12, 60], "uv_size": [1, 6]},
								"down": {"uv": [13, 66], "uv_size": [1, -6]}
							}
						},
						{
							"origin": [-7, 14.625, 7],
							"size": [14, 15.1, 0.75],
							"uv": {
								"north": {"uv": [32, 0], "uv_size": [14, 15]},
								"east": {"uv": [26, 58], "uv_size": [1, 15]},
								"south": {"uv": [32, 15], "uv_size": [14, 15]},
								"west": {"uv": [27, 58], "uv_size": [1, 15]},
								"up": {"uv": [60, 0], "uv_size": [14, 1]},
								"down": {"uv": [60, 2], "uv_size": [14, -1]}
							}
						},
						{
							"origin": [7, 14.625, 7],
							"size": [1, 15.375, 1],
							"uv": {
								"north": {"uv": [28, 58], "uv_size": [1, 15]},
								"east": {"uv": [29, 58], "uv_size": [1, 15]},
								"south": {"uv": [52, 58], "uv_size": [1, 15]},
								"west": {"uv": [53, 58], "uv_size": [1, 15]},
								"up": {"uv": [30, 53], "uv_size": [1, 1]},
								"down": {"uv": [31, 54], "uv_size": [1, -1]}
							}
						},
						{
							"origin": [6.75, 14.6, 1.225],
							"size": [1.1, 15.675, 5.775],
							"uv": {
								"north": {"uv": [50, 56], "uv_size": [1, 16]},
								"east": {"uv": [46, 8], "uv_size": [6, 16]},
								"south": {"uv": [51, 56], "uv_size": [1, 16]},
								"west": {"uv": [46, 24], "uv_size": [6, 16]},
								"up": {"uv": [14, 47], "uv_size": [1, 6]},
								"down": {"uv": [15, 53], "uv_size": [1, -6]}
							}
						},
						{
							"origin": [-7.1, 14.08776, -0.65273],
							"size": [14.1, 12.375, 1],
							"pivot": [-0.925, 16.08776, 4.34727],
							"rotation": [-15, 0, 0],
							"uv": {
								"north": {"uv": [32, 30], "uv_size": [14, 12]},
								"east": {"uv": [8, 60], "uv_size": [1, 12]},
								"south": {"uv": [32, 42], "uv_size": [14, 12]},
								"west": {"uv": [9, 60], "uv_size": [1, 12]},
								"up": {"uv": [60, 2], "uv_size": [14, 1]},
								"down": {"uv": [60, 4], "uv_size": [14, -1]}
							}
						},
						{
							"origin": [6.825, 12.63776, -1.65273],
							"size": [1.1, 12.375, 4],
							"pivot": [0, 14.63776, 3.34727],
							"rotation": [-15, 0, 0],
							"uv": {
								"north": {"uv": [10, 60], "uv_size": [1, 12]},
								"east": {"uv": [0, 53], "uv_size": [4, 12]},
								"south": {"uv": [11, 60], "uv_size": [1, 12]},
								"west": {"uv": [4, 53], "uv_size": [4, 12]},
								"up": {"uv": [20, 60], "uv_size": [1, 4]},
								"down": {"uv": [21, 64], "uv_size": [1, -4]}
							}
						},
						{
							"origin": [6.9, 23.61607, 1.44549],
							"size": [0.975, 7, 5.2],
							"pivot": [6.5, 30.61607, 6.44549],
							"rotation": [-50, 0, 0],
							"uv": {
								"north": {"uv": [30, 45], "uv_size": [1, 7]},
								"east": {"uv": [8, 53], "uv_size": [5, 7]},
								"south": {"uv": [31, 45], "uv_size": [1, 7]},
								"west": {"uv": [13, 53], "uv_size": [5, 7]},
								"up": {"uv": [16, 60], "uv_size": [1, 5]},
								"down": {"uv": [17, 65], "uv_size": [1, -5]}
							}
						},
						{
							"origin": [-7, 24.22088, 1.50973],
							"size": [13.975, 6.15, 4.2],
							"pivot": [-6.625, 30.67088, 6.50973],
							"rotation": [-50, 0, 0],
							"uv": {
								"north": {"uv": [52, 14], "uv_size": [14, 6]},
								"east": {"uv": [42, 56], "uv_size": [4, 6]},
								"south": {"uv": [52, 20], "uv_size": [14, 6]},
								"west": {"uv": [46, 56], "uv_size": [4, 6]},
								"up": {"uv": [52, 34], "uv_size": [14, 4]},
								"down": {"uv": [46, 56], "uv_size": [14, -4]}
							}
						},
						{
							"origin": [-6.925, 29.61607, 2.27049],
							"size": [13.875, 0.65, 6.025],
							"pivot": [6.5, 30.61607, 7.44549],
							"rotation": [-50, 0, 0],
							"uv": {
								"north": {"uv": [54, 58], "uv_size": [14, 1]},
								"east": {"uv": [60, 4], "uv_size": [6, 1]},
								"south": {"uv": [54, 59], "uv_size": [14, 1]},
								"west": {"uv": [60, 5], "uv_size": [6, 1]},
								"up": {"uv": [46, 40], "uv_size": [14, 6]},
								"down": {"uv": [46, 52], "uv_size": [14, -6]}
							}
						},
						{
							"origin": [6.925, 29.61607, 1.87049],
							"size": [1.025, 1, 6.425],
							"pivot": [6.5, 30.61607, 7.44549],
							"rotation": [-50, 0, 0],
							"uv": {
								"north": {"uv": [30, 52], "uv_size": [1, 1]},
								"east": {"uv": [60, 6], "uv_size": [6, 1]},
								"south": {"uv": [31, 52], "uv_size": [1, 1]},
								"west": {"uv": [60, 7], "uv_size": [6, 1]},
								"up": {"uv": [14, 60], "uv_size": [1, 6]},
								"down": {"uv": [15, 66], "uv_size": [1, -6]}
							}
						},
						{
							"origin": [-7.925, 12.63776, -1.65273],
							"size": [1.1, 12.375, 4],
							"pivot": [0, 14.63776, 3.34727],
							"rotation": [-15, 0, 0],
							"uv": {
								"north": {"uv": [11, 60], "uv_size": [-1, 12]},
								"east": {"uv": [8, 53], "uv_size": [-4, 12]},
								"south": {"uv": [12, 60], "uv_size": [-1, 12]},
								"west": {"uv": [4, 53], "uv_size": [-4, 12]},
								"up": {"uv": [21, 60], "uv_size": [-1, 4]},
								"down": {"uv": [22, 64], "uv_size": [-1, -4]}
							}
						},
						{
							"origin": [-7.85, 14.6, 1.225],
							"size": [1.1, 15.675, 5.775],
							"uv": {
								"north": {"uv": [51, 56], "uv_size": [-1, 16]},
								"east": {"uv": [52, 24], "uv_size": [-6, 16]},
								"south": {"uv": [52, 56], "uv_size": [-1, 16]},
								"west": {"uv": [52, 8], "uv_size": [-6, 16]},
								"up": {"uv": [15, 47], "uv_size": [-1, 6]},
								"down": {"uv": [16, 53], "uv_size": [-1, -6]}
							}
						},
						{
							"origin": [-8, 14.625, 7],
							"size": [1, 15.375, 1],
							"uv": {
								"north": {"uv": [29, 58], "uv_size": [-1, 15]},
								"east": {"uv": [54, 58], "uv_size": [-1, 15]},
								"south": {"uv": [53, 58], "uv_size": [-1, 15]},
								"west": {"uv": [30, 58], "uv_size": [-1, 15]},
								"up": {"uv": [31, 53], "uv_size": [-1, 1]},
								"down": {"uv": [32, 54], "uv_size": [-1, -1]}
							}
						},
						{
							"origin": [-7.875, 23.61607, 1.44549],
							"size": [0.975, 7, 5.2],
							"pivot": [-6.5, 30.61607, 6.44549],
							"rotation": [-50, 0, 0],
							"uv": {
								"north": {"uv": [31, 45], "uv_size": [-1, 7]},
								"east": {"uv": [18, 53], "uv_size": [-5, 7]},
								"south": {"uv": [32, 45], "uv_size": [-1, 7]},
								"west": {"uv": [13, 53], "uv_size": [-5, 7]},
								"up": {"uv": [17, 60], "uv_size": [-1, 5]},
								"down": {"uv": [18, 65], "uv_size": [-1, -5]}
							}
						},
						{
							"origin": [-7.925, 29.93013, -2.14519],
							"size": [1, 4.925, 6],
							"uv": {
								"north": {"uv": [19, 60], "uv_size": [-1, 5]},
								"east": {"uv": [30, 53], "uv_size": [-6, 5]},
								"south": {"uv": [20, 60], "uv_size": [-1, 5]},
								"west": {"uv": [24, 53], "uv_size": [-6, 5]},
								"up": {"uv": [13, 60], "uv_size": [-1, 6]},
								"down": {"uv": [14, 66], "uv_size": [-1, -6]}
							}
						},
						{
							"origin": [-7.95, 29.61607, 1.87049],
							"size": [1.025, 1, 6.425],
							"pivot": [-6.5, 30.61607, 7.44549],
							"rotation": [-50, 0, 0],
							"uv": {
								"north": {"uv": [31, 52], "uv_size": [-1, 1]},
								"east": {"uv": [66, 7], "uv_size": [-6, 1]},
								"south": {"uv": [32, 52], "uv_size": [-1, 1]},
								"west": {"uv": [66, 6], "uv_size": [-6, 1]},
								"up": {"uv": [15, 60], "uv_size": [-1, 6]},
								"down": {"uv": [16, 66], "uv_size": [-1, -6]}
							}
						},
						{
							"origin": [-4.85, 14, -4.825],
							"size": [0.7, 2, 0.625],
							"uv": {
								"north": {"uv": [5, 3], "uv_size": [0.7, 2]},
								"east": {"uv": [4, 2], "uv_size": [0.625, 2]},
								"south": {"uv": [4, 3], "uv_size": [0.7, 2]},
								"west": {"uv": [4, 2], "uv_size": [0.625, 2]},
								"up": {"uv": [5.7, 4.625], "uv_size": [-0.7, -0.625]},
								"down": {"uv": [5.7, 4.625], "uv_size": [-0.7, -0.625]}
							}
						},
						{
							"origin": [4.15, 14, -4.825],
							"size": [0.7, 2, 0.625],
							"uv": {
								"north": {"uv": [5, 3], "uv_size": [0.7, 2]},
								"east": {"uv": [4, 2], "uv_size": [0.625, 2]},
								"south": {"uv": [4, 3], "uv_size": [0.7, 2]},
								"west": {"uv": [4, 2], "uv_size": [0.625, 2]},
								"up": {"uv": [5.7, 4.625], "uv_size": [-0.7, -0.625]},
								"down": {"uv": [5.7, 4.625], "uv_size": [-0.7, -0.625]}
							}
						},
						{
							"origin": [-5.275, 15.475, -5.25],
							"size": [1.5, 1.5, 1.5],
							"uv": {
								"north": {"uv": [81, 0], "uv_size": [2, 1.975]},
								"east": {"uv": [81, 0], "uv_size": [2, 1.975]},
								"south": {"uv": [81, 0], "uv_size": [2, 1.975]},
								"west": {"uv": [81, 0], "uv_size": [2, 1.975]},
								"up": {"uv": [83, 1.975], "uv_size": [-2, -1.975]},
								"down": {"uv": [83, 1.975], "uv_size": [-2, -1.975]}
							}
						},
						{
							"origin": [3.725, 15.475, -5.25],
							"size": [1.5, 1.5, 1.5],
							"uv": {
								"north": {"uv": [83, 0], "uv_size": [2, 1.975]},
								"east": {"uv": [83, 0], "uv_size": [2, 1.975]},
								"south": {"uv": [83, 0], "uv_size": [2, 1.975]},
								"west": {"uv": [83, 0], "uv_size": [2, 1.975]},
								"up": {"uv": [85, 1.975], "uv_size": [-2, -1.975]},
								"down": {"uv": [85, 1.975], "uv_size": [-2, -1.975]}
							}
						},
						{
							"origin": [-7, 14, -7],
							"size": [14, 1, 5],
							"uv": {
								"north": {"uv": [72, 23], "uv_size": [14, 1]},
								"east": {"uv": [75, 20], "uv_size": [5, 1]},
								"south": {"uv": [73, 26], "uv_size": [14, 1]},
								"west": {"uv": [75, 20], "uv_size": [5, 1]},
								"up": {"uv": [89, 38], "uv_size": [-17, -6]},
								"down": {"uv": [87, 45], "uv_size": [-14, -5]}
							}
						}
					]
				}
			]
		}
	]
}