{
	"format_version": "1.12.0",
	"minecraft:geometry": [
		{
			"description": {
				"identifier": "geometry.arcade3",
				"texture_width": 128,
				"texture_height": 128,
				"visible_bounds_width": 3,
				"visible_bounds_height": 3.5,
				"visible_bounds_offset": [0, 1.25, 0]
			},
			"bones": [
				{
					"name": "arcade_2",
					"pivot": [-6.5, 17.4588, -6.69344],
					"cubes": [
						{
							"origin": [-7, 15.5, -12.925],
							"size": [14, 2, 10],
							"uv": {
								"north": {"uv": [88, 0], "uv_size": [14, 2]},
								"east": {"uv": [32, 17], "uv_size": [10, 1]},
								"south": {"uv": [74, 1], "uv_size": [14, 1]},
								"west": {"uv": [74, 8], "uv_size": [10, 1]},
								"up": {"uv": [56, 35], "uv_size": [14, 10]},
								"down": {"uv": [56, 55], "uv_size": [14, -10]}
							}
						},
						{
							"origin": [-7, 14.5, -11.925],
							"size": [14, 1, 5],
							"uv": {
								"north": {"uv": [74, 6], "uv_size": [14, 1]},
								"east": {"uv": [27, 63], "uv_size": [5, 1]},
								"south": {"uv": [74, 7], "uv_size": [14, 1]},
								"west": {"uv": [74, 9], "uv_size": [5, 1]},
								"up": {"uv": [33, 69], "uv_size": [14, 5]},
								"down": {"uv": [14, 75], "uv_size": [14, -5]}
							}
						},
						{
							"origin": [-7, 13.5, -9.925],
							"size": [14, 1, 3],
							"uv": {
								"north": {"uv": [74, 6], "uv_size": [14, 1]},
								"east": {"uv": [27, 63], "uv_size": [5, 1]},
								"south": {"uv": [74, 7], "uv_size": [14, 1]},
								"west": {"uv": [74, 9], "uv_size": [5, 1]},
								"up": {"uv": [33, 69], "uv_size": [14, 5]},
								"down": {"uv": [14, 75], "uv_size": [14, -5]}
							}
						},
						{
							"origin": [5.31283, 7.95461, -7.85],
							"size": [2, 1, 1],
							"uv": {
								"north": {"uv": [25, 76], "uv_size": [2, 1]},
								"east": {"uv": [0, 77], "uv_size": [1, 1]},
								"south": {"uv": [76, 67], "uv_size": [2, 1]},
								"west": {"uv": [1, 77], "uv_size": [1, 1]},
								"up": {"uv": [76, 68], "uv_size": [2, 1]},
								"down": {"uv": [76, 70], "uv_size": [2, -1]}
							}
						},
						{
							"origin": [-2, 6.5, -7.975],
							"size": [4, 1, 1],
							"uv": {
								"north": {"uv": [20, 75], "uv_size": [4, 1]},
								"east": {"uv": [25, 77], "uv_size": [1, 1]},
								"south": {"uv": [24, 75], "uv_size": [4, 1]},
								"west": {"uv": [26, 77], "uv_size": [1, 1]},
								"up": {"uv": [75, 65], "uv_size": [4, 1]},
								"down": {"uv": [75, 67], "uv_size": [4, -1]}
							}
						},
						{
							"origin": [-5, 0.25, -7.125],
							"size": [1, 2.55, 1],
							"inflate": 0.3,
							"uv": {
								"north": {"uv": [0, 101], "uv_size": [3, 6]},
								"east": {"uv": [13, 76], "uv_size": [1, 3]},
								"south": {"uv": [14, 76], "uv_size": [1, 3]},
								"west": {"uv": [15, 76], "uv_size": [1, 3]},
								"up": {"uv": [28, 77], "uv_size": [1, 1]},
								"down": {"uv": [29, 78], "uv_size": [1, -1]}
							}
						},
						{
							"origin": [-2, 0.25, -7.125],
							"size": [1, 4.55, 1],
							"inflate": 0.3,
							"uv": {
								"north": {"uv": [0, 101], "uv_size": [3, 9]},
								"east": {"uv": [61, 74], "uv_size": [1, 5]},
								"south": {"uv": [62, 74], "uv_size": [1, 5]},
								"west": {"uv": [74, 65], "uv_size": [1, 5]},
								"up": {"uv": [30, 77], "uv_size": [1, 1]},
								"down": {"uv": [31, 78], "uv_size": [1, -1]}
							}
						},
						{
							"origin": [1, 0.25, -7.125],
							"size": [1, 1.55, 1],
							"inflate": 0.3,
							"uv": {
								"north": {"uv": [0, 101], "uv_size": [3, 4]},
								"east": {"uv": [76, 71], "uv_size": [1, 2]},
								"south": {"uv": [76, 73], "uv_size": [1, 2]},
								"west": {"uv": [76, 75], "uv_size": [1, 2]},
								"up": {"uv": [77, 71], "uv_size": [1, 1]},
								"down": {"uv": [77, 73], "uv_size": [1, -1]}
							}
						},
						{
							"origin": [4, 0.25, -7.125],
							"size": [1, 3.55, 1],
							"inflate": 0.3,
							"uv": {
								"north": {"uv": [0, 101], "uv_size": [3, 7]},
								"east": {"uv": [75, 75], "uv_size": [1, 4]},
								"south": {"uv": [8, 76], "uv_size": [1, 4]},
								"west": {"uv": [9, 76], "uv_size": [1, 4]},
								"up": {"uv": [77, 73], "uv_size": [1, 1]},
								"down": {"uv": [77, 75], "uv_size": [1, -1]}
							}
						},
						{
							"origin": [1.65642, 7.22731, -7.925],
							"size": [4, 1, 1],
							"pivot": [3.65642, 7.72731, -7.425],
							"rotation": [0, 0, -22.5],
							"uv": {
								"north": {"uv": [74, 70], "uv_size": [4, 1]},
								"east": {"uv": [17, 77], "uv_size": [1, 1]},
								"south": {"uv": [8, 75], "uv_size": [4, 1]},
								"west": {"uv": [18, 77], "uv_size": [1, 1]},
								"up": {"uv": [12, 75], "uv_size": [4, 1]},
								"down": {"uv": [16, 76], "uv_size": [4, -1]}
							}
						},
						{
							"origin": [-7, 0, -7],
							"size": [14, 16.625, 13],
							"uv": {
								"north": {"uv": [28, 18], "uv_size": [14, 17]},
								"east": {"uv": [14, 36], "uv_size": [13, 17]},
								"south": {"uv": [32, 0], "uv_size": [14, 17]},
								"west": {"uv": [42, 17], "uv_size": [13, 17]},
								"up": {"uv": [42, 34], "uv_size": [14, 13]},
								"down": {"uv": [46, 13], "uv_size": [14, -13]}
							}
						},
						{
							"origin": [-7, 18, 6],
							"size": [14, 12.475, 1],
							"uv": {
								"north": {"uv": [42, 47], "uv_size": [14, 12]},
								"east": {"uv": [41, 74], "uv_size": [1, 12]},
								"south": {"uv": [27, 51], "uv_size": [14, 12]},
								"west": {"uv": [42, 74], "uv_size": [1, 12]},
								"up": {"uv": [74, 2], "uv_size": [14, 1]},
								"down": {"uv": [74, 4], "uv_size": [14, -1]}
							}
						},
						{
							"origin": [-7, 19, -4],
							"size": [14, 11, 10],
							"uv": {
								"north": {"uv": [0, 52], "uv_size": [14, 11]},
								"east": {"uv": [69, 10], "uv_size": [10, 11]},
								"south": {"uv": [55, 13], "uv_size": [14, 11]},
								"west": {"uv": [69, 21], "uv_size": [10, 11]},
								"up": {"uv": [56, 55], "uv_size": [14, 10]},
								"down": {"uv": [41, 69], "uv_size": [14, -10]}
							}
						},
						{
							"origin": [-6, 19.05, -3.95],
							"size": [12, 9, 9],
							"uv": {
								"north": {"uv": [0, 80], "uv_size": [14, 11]},
								"east": {"uv": [69, 10], "uv_size": [10, 11]},
								"south": {"uv": [91, 17], "uv_size": [17, 12]},
								"west": {"uv": [69, 21], "uv_size": [10, 11]},
								"up": {"uv": [56, 55], "uv_size": [14, 10]},
								"down": {"uv": [41, 69], "uv_size": [14, -10]}
							}
						},
						{
							"origin": [-7, 16, -4],
							"size": [14, 3, 10],
							"uv": {
								"north": {"uv": [70, 48], "uv_size": [14, 3]},
								"east": {"uv": [70, 60], "uv_size": [10, 3]},
								"south": {"uv": [70, 51], "uv_size": [14, 3]},
								"west": {"uv": [53, 71], "uv_size": [10, 3]},
								"up": {"uv": [60, 0], "uv_size": [14, 10]},
								"down": {"uv": [0, 73], "uv_size": [14, -10]}
							}
						},
						{
							"origin": [-7, 0, 6],
							"size": [14, 18, 1],
							"uv": {
								"north": {"uv": [0, 18], "uv_size": [14, 18]},
								"east": {"uv": [34, 74], "uv_size": [1, 18]},
								"south": {"uv": [14, 18], "uv_size": [14, 18]},
								"west": {"uv": [35, 74], "uv_size": [1, 18]},
								"up": {"uv": [74, 4], "uv_size": [14, 1]},
								"down": {"uv": [74, 6], "uv_size": [14, -1]}
							}
						},
						{
							"origin": [-6.95, 28.68407, -4.58492],
							"size": [14, 3, 2],
							"inflate": 0.1,
							"pivot": [0.05, 30.18407, -3.08492],
							"rotation": [-52.5, 0, 0],
							"uv": {
								"north": {"uv": [70, 54], "uv_size": [14, 3]},
								"east": {"uv": [53, 13], "uv_size": [2, 3]},
								"south": {"uv": [70, 57], "uv_size": [14, 3]},
								"west": {"uv": [66, 10], "uv_size": [2, 3]},
								"up": {"uv": [70, 63], "uv_size": [14, 2]},
								"down": {"uv": [0, 75], "uv_size": [14, -2]}
							}
						},
						{
							"origin": [6.975, 28.72635, -9.70858],
							"size": [1, 6, 18.5],
							"pivot": [7.55, 31.22635, -6.30858],
							"rotation": [-7.5, 0, 0],
							"uv": {
								"north": {"uv": [58, 74], "uv_size": [1, 6]},
								"east": {"uv": [14, 64], "uv_size": [19, 6]},
								"south": {"uv": [59, 74], "uv_size": [1, 6]},
								"west": {"uv": [55, 65], "uv_size": [19, 6]},
								"up": {"uv": [32, 70], "uv_size": [1, 19]},
								"down": {"uv": [33, 93], "uv_size": [1, -19]}
							}
						},
						{
							"origin": [-7.2, 29.81244, -8.69638],
							"size": [14.175, 4.325, 16],
							"pivot": [6.4, 31.31244, -6.19638],
							"rotation": [-7.5, 0, 0],
							"uv": {
								"north": {"uv": [92, 39], "uv_size": [18, 6]},
								"east": {"uv": [70, 32], "uv_size": [16, 4]},
								"south": {"uv": [70, 44], "uv_size": [14, 4]},
								"west": {"uv": [70, 36], "uv_size": [16, 4]},
								"up": {"uv": [28, 35], "uv_size": [14, 16]},
								"down": {"uv": [0, 52], "uv_size": [14, -16]}
							}
						},
						{
							"origin": [-8.025, 0, -11.925],
							"size": [1.225, 6.5, 4.6],
							"uv": {
								"north": {"uv": [42, 51], "uv_size": [-1, 7]},
								"east": {"uv": [73, 121], "uv_size": [-4, 7]},
								"south": {"uv": [56, 24], "uv_size": [-1, 7]},
								"west": {"uv": [32, 70], "uv_size": [-4, 7]},
								"up": {"uv": [3, 75], "uv_size": [-1, 4]},
								"down": {"uv": [4, 79], "uv_size": [-1, -4]}
							}
						},
						{
							"origin": [-7.975, 5.15782, -9.66815],
							"size": [1.15, 6.975, 4],
							"pivot": [-7.475, 9.40782, -8.66815],
							"rotation": [-35, 0, 0],
							"uv": {
								"north": {"uv": [54, 74], "uv_size": [-1, 7]},
								"east": {"uv": [77, 121], "uv_size": [-4, 7]},
								"south": {"uv": [55, 74], "uv_size": [-1, 7]},
								"west": {"uv": [71, 71], "uv_size": [-4, 7]},
								"up": {"uv": [5, 75], "uv_size": [-1, 4]},
								"down": {"uv": [6, 79], "uv_size": [-1, -4]}
							}
						},
						{
							"origin": [-7.85, 0, -7.925],
							"size": [1, 18, 15.925],
							"uv": {
								"north": {"uv": [37, 74], "uv_size": [-1, 18]},
								"east": {"uv": [93, 110], "uv_size": [-16, 18]},
								"south": {"uv": [38, 74], "uv_size": [-1, 18]},
								"west": {"uv": [16, 0], "uv_size": [-16, 18]},
								"up": {"uv": [39, 74], "uv_size": [-1, 16]},
								"down": {"uv": [40, 90], "uv_size": [-1, -16]}
							}
						},
						{
							"origin": [-7.825, 9.79687, -11.78494],
							"size": [1, 5.5, 4.25],
							"pivot": [-7.325, 14.04687, -8.53494],
							"rotation": [-105, 0, 0],
							"uv": {
								"north": {"uv": [56, 59], "uv_size": [-1, 6]},
								"east": {"uv": [66, 122], "uv_size": [-4, 6]},
								"south": {"uv": [58, 74], "uv_size": [-1, 6]},
								"west": {"uv": [37, 63], "uv_size": [-4, 6]},
								"up": {"uv": [7, 75], "uv_size": [-1, 4]},
								"down": {"uv": [8, 79], "uv_size": [-1, -4]}
							}
						},
						{
							"origin": [-7.9, 14.01643, -15.66402],
							"size": [1, 2.775, 3],
							"pivot": [-7.4, 14.26643, -12.66402],
							"rotation": [-70, 0, 0],
							"uv": {
								"north": {"uv": [70, 32], "uv_size": [-1, 3]},
								"east": {"uv": [69, 125], "uv_size": [-3, 3]},
								"south": {"uv": [76, 67], "uv_size": [-1, 3]},
								"west": {"uv": [63, 10], "uv_size": [-3, 3]},
								"up": {"uv": [11, 76], "uv_size": [-1, 3]},
								"down": {"uv": [12, 79], "uv_size": [-1, -3]}
							}
						},
						{
							"origin": [-7.925, 17, -13.925],
							"size": [1, 1.5, 7],
							"uv": {
								"north": {"uv": [24, 76], "uv_size": [-1, 2]},
								"east": {"uv": [53, 15], "uv_size": [-7, 2]},
								"south": {"uv": [25, 76], "uv_size": [-1, 2]},
								"west": {"uv": [53, 13], "uv_size": [-7, 2]},
								"up": {"uv": [56, 74], "uv_size": [-1, 7]},
								"down": {"uv": [57, 81], "uv_size": [-1, -7]}
							}
						},
						{
							"origin": [-7.9, 17.53091, -4.48032],
							"size": [1, 11, 13],
							"pivot": [0.05, 32.53091, -5.98032],
							"rotation": [-2.5, 0, 0],
							"uv": {
								"north": {"uv": [46, 74], "uv_size": [-1, 11]},
								"east": {"uv": [109, 117], "uv_size": [-13, 11]},
								"south": {"uv": [47, 74], "uv_size": [-1, 11]},
								"west": {"uv": [27, 53], "uv_size": [-13, 11]},
								"up": {"uv": [28, 36], "uv_size": [-1, 13]},
								"down": {"uv": [41, 87], "uv_size": [-1, -13]}
							}
						},
						{
							"origin": [-7.95, 16.825, -6.6],
							"size": [1, 11.675, 4.175],
							"pivot": [-7.45, 24, -5.1],
							"rotation": [-12.5, 0, 0],
							"uv": {
								"north": {"uv": [44, 74], "uv_size": [-1, 11]},
								"east": {"uv": [96, 117], "uv_size": [-3, 11]},
								"south": {"uv": [45, 74], "uv_size": [-1, 11]},
								"west": {"uv": [50, 69], "uv_size": [-3, 11]},
								"up": {"uv": [56, 31], "uv_size": [-1, 3]},
								"down": {"uv": [69, 13], "uv_size": [-1, -3]}
							}
						},
						{
							"origin": [6.95, 16.825, -6.6],
							"size": [1, 11.675, 4.175],
							"pivot": [7.45, 24, -5.1],
							"rotation": [-12.5, 0, 0],
							"uv": {
								"north": {"uv": [43, 74], "uv_size": [1, 11]},
								"east": {"uv": [47, 69], "uv_size": [3, 11]},
								"south": {"uv": [44, 74], "uv_size": [1, 11]},
								"west": {"uv": [50, 69], "uv_size": [3, 11]},
								"up": {"uv": [55, 31], "uv_size": [1, 3]},
								"down": {"uv": [68, 13], "uv_size": [1, -3]}
							}
						},
						{
							"origin": [6.9, 17.53091, -4.48032],
							"size": [1, 11, 13],
							"pivot": [-0.05, 32.53091, -5.98032],
							"rotation": [-2.5, 0, 0],
							"uv": {
								"north": {"uv": [45, 74], "uv_size": [1, 11]},
								"east": {"uv": [14, 53], "uv_size": [13, 11]},
								"south": {"uv": [46, 74], "uv_size": [1, 11]},
								"west": {"uv": [56, 24], "uv_size": [13, 11]},
								"up": {"uv": [27, 36], "uv_size": [1, 13]},
								"down": {"uv": [40, 87], "uv_size": [1, -13]}
							}
						},
						{
							"origin": [6.85, 0, -7.925],
							"size": [1, 18, 15.925],
							"uv": {
								"north": {"uv": [36, 74], "uv_size": [1, 18]},
								"east": {"uv": [0, 0], "uv_size": [16, 18]},
								"south": {"uv": [37, 74], "uv_size": [1, 18]},
								"west": {"uv": [16, 0], "uv_size": [16, 18]},
								"up": {"uv": [38, 74], "uv_size": [1, 16]},
								"down": {"uv": [39, 90], "uv_size": [1, -16]}
							}
						},
						{
							"origin": [6.9, 14.01643, -15.66402],
							"size": [1.05, 2.775, 3],
							"pivot": [7.4, 14.26643, -12.66402],
							"rotation": [-70, 0, 0],
							"uv": {
								"north": {"uv": [69, 32], "uv_size": [1, 3]},
								"east": {"uv": [60, 10], "uv_size": [3, 3]},
								"south": {"uv": [75, 67], "uv_size": [1, 3]},
								"west": {"uv": [63, 10], "uv_size": [3, 3]},
								"up": {"uv": [10, 76], "uv_size": [1, 3]},
								"down": {"uv": [11, 79], "uv_size": [1, -3]}
							}
						},
						{
							"origin": [6.925, 17, -13.925],
							"size": [1.05, 1.5, 7],
							"uv": {
								"north": {"uv": [23, 76], "uv_size": [1, 2]},
								"east": {"uv": [46, 13], "uv_size": [7, 2]},
								"south": {"uv": [24, 76], "uv_size": [1, 2]},
								"west": {"uv": [46, 15], "uv_size": [7, 2]},
								"up": {"uv": [55, 74], "uv_size": [1, 7]},
								"down": {"uv": [56, 81], "uv_size": [1, -7]}
							}
						},
						{
							"origin": [6.825, 9.79687, -11.78494],
							"size": [1.05, 5.5, 4.25],
							"pivot": [7.325, 14.04687, -8.53494],
							"rotation": [-105, 0, 0],
							"uv": {
								"north": {"uv": [55, 59], "uv_size": [1, 6]},
								"east": {"uv": [33, 63], "uv_size": [4, 6]},
								"south": {"uv": [57, 74], "uv_size": [1, 6]},
								"west": {"uv": [37, 63], "uv_size": [4, 6]},
								"up": {"uv": [6, 75], "uv_size": [1, 4]},
								"down": {"uv": [7, 79], "uv_size": [1, -4]}
							}
						},
						{
							"origin": [6.75, 5.15782, -9.66815],
							"size": [1.225, 6.975, 4],
							"pivot": [7.475, 9.40782, -8.66815],
							"rotation": [-35, 0, 0],
							"uv": {
								"north": {"uv": [53, 74], "uv_size": [1, 7]},
								"east": {"uv": [67, 71], "uv_size": [4, 7]},
								"south": {"uv": [54, 74], "uv_size": [1, 7]},
								"west": {"uv": [71, 71], "uv_size": [4, 7]},
								"up": {"uv": [4, 75], "uv_size": [1, 4]},
								"down": {"uv": [5, 79], "uv_size": [1, -4]}
							}
						},
						{
							"origin": [6.725, 0, -11.925],
							"size": [1.275, 6.5, 4.6],
							"uv": {
								"north": {"uv": [41, 51], "uv_size": [1, 7]},
								"east": {"uv": [28, 70], "uv_size": [4, 7]},
								"south": {"uv": [55, 24], "uv_size": [1, 7]},
								"west": {"uv": [63, 71], "uv_size": [4, 7]},
								"up": {"uv": [2, 75], "uv_size": [1, 4]},
								"down": {"uv": [3, 79], "uv_size": [1, -4]}
							}
						},
						{
							"origin": [-7.975, 28.72635, -9.70858],
							"size": [1, 6, 18.5],
							"pivot": [-7.55, 31.22635, -6.30858],
							"rotation": [-7.5, 0, 0],
							"uv": {
								"north": {"uv": [59, 74], "uv_size": [-1, 6]},
								"east": {"uv": [128, 122], "uv_size": [-19, 6]},
								"south": {"uv": [60, 74], "uv_size": [-1, 6]},
								"west": {"uv": [33, 64], "uv_size": [-19, 6]},
								"up": {"uv": [33, 70], "uv_size": [-1, 19]},
								"down": {"uv": [34, 93], "uv_size": [-1, -19]}
							}
						},
						{
							"origin": [-7.31283, 7.95461, -7.85],
							"size": [2, 1, 1],
							"uv": {
								"north": {"uv": [27, 76], "uv_size": [-2, 1]},
								"east": {"uv": [2, 77], "uv_size": [-1, 1]},
								"south": {"uv": [78, 67], "uv_size": [-2, 1]},
								"west": {"uv": [1, 77], "uv_size": [-1, 1]},
								"up": {"uv": [78, 68], "uv_size": [-2, 1]},
								"down": {"uv": [78, 70], "uv_size": [-2, -1]}
							}
						},
						{
							"origin": [-5.65642, 7.22731, -7.925],
							"size": [4, 1, 1],
							"pivot": [-3.65642, 7.72731, -7.425],
							"rotation": [0, 0, 22.5],
							"uv": {
								"north": {"uv": [78, 70], "uv_size": [-4, 1]},
								"east": {"uv": [19, 77], "uv_size": [-1, 1]},
								"south": {"uv": [12, 75], "uv_size": [-4, 1]},
								"west": {"uv": [18, 77], "uv_size": [-1, 1]},
								"up": {"uv": [16, 75], "uv_size": [-4, 1]},
								"down": {"uv": [20, 76], "uv_size": [-4, -1]}
							}
						}
					]
				},
				{
					"name": "LEVA",
					"parent": "arcade_2",
					"pivot": [-2.5, 17.4588, -7.19344],
					"cubes": [
						{
							"origin": [-0.7, 18.575, -9.8],
							"size": [1.5, 1.5, 1.5],
							"uv": {
								"north": {"uv": [53, 69], "uv_size": [2, 2]},
								"east": {"uv": [53, 69], "uv_size": [2, 2]},
								"south": {"uv": [53, 69], "uv_size": [2, 2]},
								"west": {"uv": [53, 69], "uv_size": [2, 2]},
								"up": {"uv": [53, 69], "uv_size": [2, 2]},
								"down": {"uv": [53, 71], "uv_size": [2, -2]}
							}
						},
						{
							"origin": [-0.325, 17.3, -9.4],
							"size": [0.7, 1.5, 0.7],
							"uv": {
								"north": {"uv": [19, 76], "uv_size": [1, 2]},
								"east": {"uv": [20, 76], "uv_size": [1, 2]},
								"south": {"uv": [21, 76], "uv_size": [1, 2]},
								"west": {"uv": [22, 76], "uv_size": [1, 2]},
								"up": {"uv": [41, 58], "uv_size": [1, 1]},
								"down": {"uv": [32, 64], "uv_size": [1, -1]}
							}
						}
					]
				}
			]
		}
	]
}