{
	"format_version": "1.12.0",
	"minecraft:geometry": [
		{
			"description": {
				"identifier": "geometry.arcade1",
				"texture_width": 128,
				"texture_height": 128,
				"visible_bounds_width": 3,
				"visible_bounds_height": 3.5,
				"visible_bounds_offset": [0, 1.25, 0]
			},
			"bones": [
				{
					"name": "bb_main",
					"pivot": [0, 0, 0],
					"cubes": [
						{
							"origin": [-7, 0, -7],
							"size": [14, 17.625, 13],
							"uv": {
								"north": {"uv": [14, 14], "uv_size": [14, 17]},
								"east": {"uv": [0, 14], "uv_size": [14, 17]},
								"south": {"uv": [42, 14], "uv_size": [14, 17]},
								"west": {"uv": [28, 14], "uv_size": [14, 17]},
								"up": {"uv": [14, 0], "uv_size": [14, 14]},
								"down": {"uv": [28, 14], "uv_size": [14, -14]}
							}
						},
						{
							"origin": [-7, 15, -7],
							"size": [14, 3, 2],
							"pivot": [0, 13, 0.5],
							"rotation": [30, 0, 0],
							"uv": {
								"north": {"uv": [76, 65], "uv_size": [14, 3]},
								"east": {"uv": [74, 65], "uv_size": [2, 3]},
								"south": {"uv": [92, 65], "uv_size": [14, 3]},
								"west": {"uv": [90, 65], "uv_size": [2, 3]},
								"up": {"uv": [76, 63], "uv_size": [14, 2]},
								"down": {"uv": [90, 65], "uv_size": [14, -2]}
							}
						},
						{
							"origin": [-7, 13.58013, -8.49519],
							"size": [14, 3, 2],
							"uv": {
								"north": {"uv": [44, 10], "uv_size": [14, 3]},
								"east": {"uv": [42, 10], "uv_size": [2, 3]},
								"south": {"uv": [60, 10], "uv_size": [14, 3]},
								"west": {"uv": [58, 10], "uv_size": [2, 3]},
								"up": {"uv": [44, 8], "uv_size": [14, 2]},
								"down": {"uv": [58, 10], "uv_size": [14, -2]}
							}
						},
						{
							"origin": [-7, 16.58013, -8.49519],
							"size": [14, 1, 2],
							"uv": {
								"north": {"uv": [76, 70], "uv_size": [14, 1]},
								"east": {"uv": [74, 70], "uv_size": [2, 1]},
								"south": {"uv": [92, 70], "uv_size": [14, 1]},
								"west": {"uv": [90, 70], "uv_size": [2, 1]},
								"up": {"uv": [76, 68], "uv_size": [14, 2]},
								"down": {"uv": [90, 70], "uv_size": [14, -2]}
							}
						},
						{
							"origin": [-6, 16.58013, -9.49519],
							"size": [12, 1, 1],
							"uv": {
								"north": {"uv": [76, 33], "uv_size": [12, 1]},
								"east": {"uv": [75, 33], "uv_size": [1, 1]},
								"south": {"uv": [89, 33], "uv_size": [12, 1]},
								"west": {"uv": [88, 33], "uv_size": [1, 1]},
								"up": {"uv": [76, 32], "uv_size": [12, 1]},
								"down": {"uv": [88, 33], "uv_size": [12, -1]}
							}
						},
						{
							"origin": [-7, 28.58013, -7.49519],
							"size": [14, 6, 6.5],
							"uv": {
								"north": {"uv": [7, 99], "uv_size": [25, 11]},
								"east": {"uv": [0, 53], "uv_size": [8, 7]},
								"south": {"uv": [32, 53], "uv_size": [16, 7]},
								"west": {"uv": [24, 53], "uv_size": [8, 7]},
								"up": {"uv": [8, 45], "uv_size": [16, 8]},
								"down": {"uv": [94, 95], "uv_size": [30, -8]}
							}
						},
						{
							"origin": [-8.05, 28.58013, -8.49519],
							"size": [1, 7, 8],
							"uv": {
								"north": {"uv": [119, 74], "uv_size": [2, 7]},
								"east": {"uv": [0, 53], "uv_size": [8, 7]},
								"south": {"uv": [32, 53], "uv_size": [16, 7]},
								"west": {"uv": [24, 53], "uv_size": [8, 7]},
								"up": {"uv": [119, 74], "uv_size": [2, 8]},
								"down": {"uv": [119, 82], "uv_size": [2, -8]}
							}
						},
						{
							"origin": [7.05, 28.58013, -8.49519],
							"size": [1, 7, 8],
							"uv": {
								"north": {"uv": [121, 74], "uv_size": [-2, 7]},
								"east": {"uv": [32, 53], "uv_size": [-8, 7]},
								"south": {"uv": [48, 53], "uv_size": [-16, 7]},
								"west": {"uv": [8, 53], "uv_size": [-8, 7]},
								"up": {"uv": [121, 74], "uv_size": [-2, 8]},
								"down": {"uv": [121, 82], "uv_size": [-2, -8]}
							}
						},
						{
							"origin": [7, 0, -8],
							"size": [1, 12, 16],
							"uv": {
								"north": {"uv": [121, 74], "uv_size": [2, 12]},
								"east": {"uv": [38, 60], "uv_size": [16, 12]},
								"south": {"uv": [119, 74], "uv_size": [2, 12]},
								"west": {"uv": [55, 60], "uv_size": [16, 12]},
								"up": {"uv": [54, 44], "uv_size": [1, 16]},
								"down": {"uv": [55, 60], "uv_size": [1, -16]}
							}
						},
						{
							"origin": [-7, 0, 6],
							"size": [14, 18, 1],
							"uv": {
								"north": {"uv": [1, 61], "uv_size": [14, 18]},
								"east": {"uv": [0, 61], "uv_size": [1, 18]},
								"south": {"uv": [16, 61], "uv_size": [14, 18]},
								"west": {"uv": [15, 61], "uv_size": [1, 18]},
								"up": {"uv": [1, 60], "uv_size": [14, 1]},
								"down": {"uv": [15, 61], "uv_size": [14, -1]}
							}
						},
						{
							"origin": [7, 12, -8],
							"size": [1, 6, 16],
							"uv": {
								"north": {"uv": [75, 16], "uv_size": [1, 6]},
								"east": {"uv": [59, 16], "uv_size": [16, 6]},
								"south": {"uv": [119, 74], "uv_size": [2, 6]},
								"west": {"uv": [76, 16], "uv_size": [16, 6]},
								"up": {"uv": [75, 0], "uv_size": [1, 16]},
								"down": {"uv": [76, 16], "uv_size": [1, -16]}
							}
						},
						{
							"origin": [6.9, 18, -2],
							"size": [1.1, 7.675, 10],
							"uv": {
								"north": {"uv": [67, 88], "uv_size": [1, 7]},
								"east": {"uv": [57, 88], "uv_size": [10, 7]},
								"south": {"uv": [119, 74], "uv_size": [2, 7]},
								"west": {"uv": [68, 88], "uv_size": [10, 7]},
								"up": {"uv": [121, 76], "uv_size": [2, 10]},
								"down": {"uv": [68, 88], "uv_size": [1, -10]}
							}
						},
						{
							"origin": [-7, 18, 6],
							"size": [14, 7.075, 1],
							"uv": {
								"north": {"uv": [43, 1], "uv_size": [14, 7]},
								"east": {"uv": [42, 1], "uv_size": [1, 7]},
								"south": {"uv": [58, 1], "uv_size": [14, 7]},
								"west": {"uv": [57, 1], "uv_size": [1, 7]},
								"up": {"uv": [43, 0], "uv_size": [14, 1]},
								"down": {"uv": [57, 1], "uv_size": [14, -1]}
							}
						},
						{
							"origin": [-7, 17, -3],
							"size": [14, 1.675, 1],
							"uv": {
								"north": {"uv": [76, 31], "uv_size": [14, 1]},
								"east": {"uv": [75, 31], "uv_size": [1, 1]},
								"south": {"uv": [91, 31], "uv_size": [14, 1]},
								"west": {"uv": [90, 31], "uv_size": [1, 1]},
								"up": {"uv": [76, 30], "uv_size": [14, 1]},
								"down": {"uv": [90, 31], "uv_size": [14, -1]}
							}
						},
						{
							"origin": [-5, 18, -1],
							"size": [10, 1.675, 7],
							"uv": {
								"north": {"uv": [81, 62], "uv_size": [10, 1]},
								"east": {"uv": [74, 62], "uv_size": [7, 1]},
								"south": {"uv": [98, 62], "uv_size": [10, 1]},
								"west": {"uv": [91, 62], "uv_size": [7, 1]},
								"up": {"uv": [81, 55], "uv_size": [10, 7]},
								"down": {"uv": [91, 62], "uv_size": [10, -7]}
							}
						},
						{
							"origin": [7.025, 12.775, -9.85],
							"size": [1, 5.45, 1.85],
							"uv": {
								"north": {"uv": [121, 75], "uv_size": [2, 5]},
								"east": {"uv": [0, 32], "uv_size": [1, 5]},
								"south": {"uv": [3, 32], "uv_size": [1, 5]},
								"west": {"uv": [2, 32], "uv_size": [1, 5]},
								"up": {"uv": [1, 31], "uv_size": [1, 1]},
								"down": {"uv": [2, 32], "uv_size": [1, -1]}
							}
						},
						{
							"origin": [6.975, 12.30656, -9.5412],
							"size": [1, 2, 2],
							"pivot": [7.475, 13.30656, -8.5412],
							"rotation": [67.5, 0, 0],
							"uv": {
								"north": {"uv": [121, 74], "uv_size": [2, 2]},
								"east": {"uv": [0, 11], "uv_size": [2, 2]},
								"south": {"uv": [5, 11], "uv_size": [1, 2]},
								"west": {"uv": [3, 11], "uv_size": [2, 2]},
								"up": {"uv": [2, 9], "uv_size": [1, 2]},
								"down": {"uv": [3, 11], "uv_size": [1, -2]}
							}
						},
						{
							"origin": [7.05, 15.44344, -9.5412],
							"size": [1, 3.25, 6.625],
							"pivot": [7.55, 17.69344, -8.5412],
							"rotation": [22.5, 0, 0],
							"uv": {
								"north": {"uv": [62, 57], "uv_size": [1, 3]},
								"east": {"uv": [56, 57], "uv_size": [6, 3]},
								"south": {"uv": [69, 57], "uv_size": [1, 3]},
								"west": {"uv": [63, 57], "uv_size": [6, 3]},
								"up": {"uv": [121, 74], "uv_size": [2, 6]},
								"down": {"uv": [63, 57], "uv_size": [1, -6]}
							}
						},
						{
							"origin": [-8.05, 15.44344, -9.5412],
							"size": [1, 3.25, 6.625],
							"pivot": [-7.55, 17.69344, -8.5412],
							"rotation": [22.5, 0, 0],
							"uv": {
								"north": {"uv": [6, 6], "uv_size": [1, 3]},
								"east": {"uv": [0, 6], "uv_size": [6, 3]},
								"south": {"uv": [13, 6], "uv_size": [1, 3]},
								"west": {"uv": [7, 6], "uv_size": [6, 3]},
								"up": {"uv": [119, 74], "uv_size": [2, 6]},
								"down": {"uv": [7, 6], "uv_size": [1, -6]}
							}
						},
						{
							"origin": [-8.025, 12.775, -9.85],
							"size": [1, 5.45, 1.85],
							"uv": {
								"north": {"uv": [119, 74], "uv_size": [2, 5]},
								"east": {"uv": [0, 1], "uv_size": [1, 5]},
								"south": {"uv": [3, 1], "uv_size": [1, 5]},
								"west": {"uv": [2, 1], "uv_size": [1, 5]},
								"up": {"uv": [1, 0], "uv_size": [1, 1]},
								"down": {"uv": [2, 1], "uv_size": [1, -1]}
							}
						},
						{
							"origin": [6.85, 21.4588, -17.69344],
							"size": [1.1, 4, 13],
							"pivot": [7.4, 17.4588, -6.69344],
							"rotation": [-67.5, 0, 0],
							"uv": {
								"north": {"uv": [82, 51], "uv_size": [1, 4]},
								"east": {"uv": [69, 51], "uv_size": [13, 4]},
								"south": {"uv": [96, 51], "uv_size": [1, 4]},
								"west": {"uv": [83, 51], "uv_size": [13, 4]},
								"up": {"uv": [82, 38], "uv_size": [1, 13]},
								"down": {"uv": [121, 73], "uv_size": [2, -13]}
							}
						},
						{
							"origin": [7, 23.34107, -3.40451],
							"size": [0.975, 8, 13],
							"pivot": [7.5, 30.34107, 2.59549],
							"rotation": [-50, 0, 0],
							"uv": {
								"north": {"uv": [72, 22], "uv_size": [0, 8]},
								"east": {"uv": [59, 22], "uv_size": [13, 8]},
								"south": {"uv": [85, 22], "uv_size": [0, 8]},
								"west": {"uv": [72, 22], "uv_size": [13, 8]},
								"up": {"uv": [121, 74], "uv_size": [-2, 13]},
								"down": {"uv": [72, 22], "uv_size": [0, -13]}
							}
						},
						{
							"origin": [5.95, 22.4588, -17.69344],
							"size": [1.1, 3, 13],
							"pivot": [6.5, 17.4588, -6.69344],
							"rotation": [-67.5, 0, 0],
							"uv": {
								"north": {"uv": [98, 47], "uv_size": [1, 4]},
								"east": {"uv": [85, 47], "uv_size": [13, 4]},
								"south": {"uv": [112, 47], "uv_size": [1, 4]},
								"west": {"uv": [99, 47], "uv_size": [13, 4]},
								"up": {"uv": [98, 34], "uv_size": [1, 13]},
								"down": {"uv": [99, 47], "uv_size": [2, -13]}
							}
						},
						{
							"origin": [5.9, 18, -2],
							"size": [1.1, 7.675, 8],
							"uv": {
								"north": {"uv": [115, 109], "uv_size": [1, 7]},
								"east": {"uv": [105, 109], "uv_size": [10, 7]},
								"south": {"uv": [114, 101], "uv_size": [2, 7]},
								"west": {"uv": [116, 109], "uv_size": [10, 7]},
								"up": {"uv": [117, 99], "uv_size": [2, 10]},
								"down": {"uv": [116, 109], "uv_size": [1, -10]}
							}
						},
						{
							"origin": [6, 23.34107, -2.40451],
							"size": [0.975, 6, 11],
							"pivot": [6.5, 30.34107, 2.59549],
							"rotation": [-50, 0, 0],
							"uv": {
								"north": {"uv": [72, 22], "uv_size": [0, 8]},
								"east": {"uv": [78, 109], "uv_size": [14, 8]},
								"south": {"uv": [85, 22], "uv_size": [0, 8]},
								"west": {"uv": [91, 109], "uv_size": [14, 8]},
								"up": {"uv": [94, 96], "uv_size": [-2, 13]},
								"down": {"uv": [92, 109], "uv_size": [-1, -13]}
							}
						},
						{
							"origin": [-7.05, 22.4588, -17.69344],
							"size": [1.1, 3, 13],
							"pivot": [-6.5, 17.4588, -6.69344],
							"rotation": [-67.5, 0, 0],
							"uv": {
								"north": {"uv": [99, 47], "uv_size": [-1, 4]},
								"east": {"uv": [112, 47], "uv_size": [-13, 4]},
								"south": {"uv": [113, 47], "uv_size": [-1, 4]},
								"west": {"uv": [98, 47], "uv_size": [-13, 4]},
								"up": {"uv": [99, 34], "uv_size": [-1, 13]},
								"down": {"uv": [101, 47], "uv_size": [-2, -13]}
							}
						},
						{
							"origin": [-7, 18, -2],
							"size": [1.1, 7.675, 8],
							"uv": {
								"north": {"uv": [116, 109], "uv_size": [-1, 7]},
								"east": {"uv": [126, 109], "uv_size": [-10, 7]},
								"south": {"uv": [116, 101], "uv_size": [-2, 7]},
								"west": {"uv": [115, 109], "uv_size": [-10, 7]},
								"up": {"uv": [119, 99], "uv_size": [-2, 10]},
								"down": {"uv": [117, 109], "uv_size": [-1, -10]}
							}
						},
						{
							"origin": [-6.975, 23.34107, -2.40451],
							"size": [0.975, 6, 11],
							"pivot": [-6.5, 30.34107, 2.59549],
							"rotation": [-50, 0, 0],
							"uv": {
								"north": {"uv": [72, 22], "uv_size": [0, 8]},
								"east": {"uv": [105, 109], "uv_size": [-14, 8]},
								"south": {"uv": [85, 22], "uv_size": [0, 8]},
								"west": {"uv": [92, 109], "uv_size": [-14, 8]},
								"up": {"uv": [92, 96], "uv_size": [2, 13]},
								"down": {"uv": [91, 109], "uv_size": [1, -13]}
							}
						},
						{
							"origin": [-8, 0, -8],
							"size": [1, 12, 16],
							"uv": {
								"north": {"uv": [119, 74], "uv_size": [2, 12]},
								"east": {"uv": [41, 31], "uv_size": [16, 12]},
								"south": {"uv": [121, 74], "uv_size": [2, 12]},
								"west": {"uv": [58, 31], "uv_size": [16, 12]},
								"up": {"uv": [57, 15], "uv_size": [1, 16]},
								"down": {"uv": [58, 31], "uv_size": [1, -16]}
							}
						},
						{
							"origin": [-8, 12, -8],
							"size": [1, 6, 16],
							"uv": {
								"north": {"uv": [72, 72], "uv_size": [1, 6]},
								"east": {"uv": [56, 72], "uv_size": [16, 6]},
								"south": {"uv": [121, 74], "uv_size": [2, 6]},
								"west": {"uv": [73, 72], "uv_size": [16, 6]},
								"up": {"uv": [72, 56], "uv_size": [1, 16]},
								"down": {"uv": [73, 72], "uv_size": [1, -16]}
							}
						},
						{
							"origin": [-7.975, 12.30656, -9.5412],
							"size": [1, 2, 2],
							"pivot": [-7.475, 13.30656, -8.5412],
							"rotation": [67.5, 0, 0],
							"uv": {
								"north": {"uv": [119, 74], "uv_size": [2, 2]},
								"east": {"uv": [8, 2], "uv_size": [2, 2]},
								"south": {"uv": [13, 2], "uv_size": [1, 2]},
								"west": {"uv": [11, 2], "uv_size": [2, 2]},
								"up": {"uv": [10, 0], "uv_size": [1, 2]},
								"down": {"uv": [11, 2], "uv_size": [1, -2]}
							}
						},
						{
							"origin": [-7.925, 21.4588, -17.69344],
							"size": [1.1, 4, 13],
							"pivot": [-7.375, 17.4588, -6.69344],
							"rotation": [-67.5, 0, 0],
							"uv": {
								"north": {"uv": [30, 79], "uv_size": [1, 4]},
								"east": {"uv": [17, 79], "uv_size": [13, 4]},
								"south": {"uv": [44, 79], "uv_size": [1, 4]},
								"west": {"uv": [31, 79], "uv_size": [13, 4]},
								"up": {"uv": [30, 66], "uv_size": [1, 13]},
								"down": {"uv": [119, 73], "uv_size": [2, -13]}
							}
						},
						{
							"origin": [-8, 18, -2],
							"size": [1.1, 7.675, 10],
							"uv": {
								"north": {"uv": [45, 83], "uv_size": [1, 7]},
								"east": {"uv": [35, 83], "uv_size": [10, 7]},
								"south": {"uv": [121, 74], "uv_size": [2, 7]},
								"west": {"uv": [46, 83], "uv_size": [10, 7]},
								"up": {"uv": [119, 76], "uv_size": [2, 10]},
								"down": {"uv": [46, 83], "uv_size": [1, -10]}
							}
						},
						{
							"origin": [-7.975, 23.34107, -3.40451],
							"size": [0.975, 8, 13],
							"pivot": [-7.5, 30.34107, 2.59549],
							"rotation": [-50, 0, 0],
							"uv": {
								"north": {"uv": [69, 43], "uv_size": [0, 8]},
								"east": {"uv": [56, 43], "uv_size": [13, 8]},
								"south": {"uv": [82, 43], "uv_size": [0, 8]},
								"west": {"uv": [69, 43], "uv_size": [13, 8]},
								"up": {"uv": [123, 74], "uv_size": [-2, 13]},
								"down": {"uv": [69, 43], "uv_size": [0, -13]}
							}
						},
						{
							"origin": [-7, 29.34107, -2.97951],
							"size": [14, 1, 12.425],
							"pivot": [6.5, 30.34107, 2.59549],
							"rotation": [-50, 0, 0],
							"uv": {
								"north": {"uv": [13, 44], "uv_size": [14, 1]},
								"east": {"uv": [0, 44], "uv_size": [13, 1]},
								"south": {"uv": [40, 44], "uv_size": [14, 1]},
								"west": {"uv": [27, 44], "uv_size": [13, 1]},
								"up": {"uv": [13, 31], "uv_size": [14, 13]},
								"down": {"uv": [27, 44], "uv_size": [14, -13]}
							}
						}
					]
				}
			]
		}
	]
}