{
	"format_version": "1.12.0",
	"minecraft:geometry": [
		{
			"description": {
				"identifier": "geometry.arcade6",
				"texture_width": 128,
				"texture_height": 128,
				"visible_bounds_width": 3,
				"visible_bounds_height": 3.5,
				"visible_bounds_offset": [0, 1.25, 0]
			},
			"bones": [
				{
					"name": "bb_main",
					"pivot": [0, 0, 0],
					"cubes": [
						{
							"origin": [5, 0, -8],
							"size": [4, 6, 16],
							"uv": {
								"north": {"uv": [41, 49], "uv_size": [4, 6]},
								"east": {"uv": [56, 32], "uv_size": [16, 6]},
								"south": {"uv": [70, 25], "uv_size": [4, 6]},
								"west": {"uv": [56, 38], "uv_size": [16, 6]},
								"up": {"uv": [26, 63], "uv_size": [4, 16]},
								"down": {"uv": [30, 79], "uv_size": [4, -16]}
							}
						},
						{
							"origin": [-5, 0, -8],
							"size": [10, 4, 16],
							"uv": {
								"north": {"uv": [40, 67], "uv_size": [10, 4]},
								"east": {"uv": [34, 63], "uv_size": [16, 4]},
								"south": {"uv": [69, 68], "uv_size": [10, 4]},
								"west": {"uv": [0, 64], "uv_size": [16, 4]},
								"up": {"uv": [46, 26], "uv_size": [10, 16]},
								"down": {"uv": [46, 58], "uv_size": [10, -16]}
							}
						},
						{
							"origin": [4, 2.58579, -7.925],
							"size": [2, 3, 16],
							"pivot": [5, 4.58579, 2.075],
							"rotation": [0, 0, 45],
							"uv": {
								"north": {"uv": [77, 51], "uv_size": [2, 3]},
								"east": {"uv": [69, 11], "uv_size": [16, 3]},
								"south": {"uv": [62, 77], "uv_size": [2, 3]},
								"west": {"uv": [69, 14], "uv_size": [16, 3]},
								"up": {"uv": [14, 68], "uv_size": [2, 16]},
								"down": {"uv": [40, 87], "uv_size": [2, -16]}
							}
						},
						{
							"origin": [-9, 0, -8],
							"size": [4, 6, 16],
							"uv": {
								"north": {"uv": [46, 71], "uv_size": [4, 6]},
								"east": {"uv": [56, 44], "uv_size": [16, 6]},
								"south": {"uv": [0, 72], "uv_size": [4, 6]},
								"west": {"uv": [56, 50], "uv_size": [16, 6]},
								"up": {"uv": [50, 63], "uv_size": [4, 16]},
								"down": {"uv": [16, 80], "uv_size": [4, -16]}
							}
						},
						{
							"origin": [-6.99952, 30.50368, 3.52181],
							"size": [14, 2, 2.775],
							"pivot": [6.50048, 32.00368, 4.02181],
							"rotation": [-45, 0, 0],
							"uv": {
								"north": {"uv": [69, 23], "uv_size": [14, 2]},
								"east": {"uv": [64, 77], "uv_size": [3, 2]},
								"south": {"uv": [70, 0], "uv_size": [14, 2]},
								"west": {"uv": [77, 75], "uv_size": [3, 2]},
								"up": {"uv": [69, 62], "uv_size": [14, 3]},
								"down": {"uv": [69, 68], "uv_size": [14, -3]}
							}
						},
						{
							"origin": [-7, 13, 4],
							"size": [14, 17.75, 2],
							"uv": {
								"north": {"uv": [0, 0], "uv_size": [14, 18]},
								"east": {"uv": [54, 63], "uv_size": [1, 18]},
								"south": {"uv": [14, 0], "uv_size": [14, 18]},
								"west": {"uv": [13, 72], "uv_size": [1, 18]},
								"up": {"uv": [70, 61], "uv_size": [14, 1]},
								"down": {"uv": [72, 55], "uv_size": [14, -1]}
							}
						},
						{
							"origin": [-8, 13, -6],
							"size": [1, 5, 3],
							"uv": {
								"north": {"uv": [4, 79], "uv_size": [1, 5]},
								"east": {"uv": [72, 49], "uv_size": [3, 5]},
								"south": {"uv": [5, 79], "uv_size": [1, 5]},
								"west": {"uv": [59, 72], "uv_size": [3, 5]},
								"up": {"uv": [29, 81], "uv_size": [1, 3]},
								"down": {"uv": [30, 84], "uv_size": [1, -3]}
							}
						},
						{
							"origin": [-8.025, 10.12538, -8.68474],
							"size": [1.025, 7, 3],
							"pivot": [-7.5, 14.62538, -7.68474],
							"rotation": [37.5, 0, 0],
							"uv": {
								"north": {"uv": [77, 44], "uv_size": [1, 7]},
								"east": {"uv": [10, 72], "uv_size": [3, 7]},
								"south": {"uv": [46, 77], "uv_size": [1, 7]},
								"west": {"uv": [72, 31], "uv_size": [3, 7]},
								"up": {"uv": [31, 81], "uv_size": [1, 3]},
								"down": {"uv": [32, 84], "uv_size": [1, -3]}
							}
						},
						{
							"origin": [-8.075, 16, -10],
							"size": [1.075, 2, 4],
							"uv": {
								"north": {"uv": [51, 81], "uv_size": [1, 2]},
								"east": {"uv": [76, 2], "uv_size": [4, 2]},
								"south": {"uv": [52, 81], "uv_size": [1, 2]},
								"west": {"uv": [76, 4], "uv_size": [4, 2]},
								"up": {"uv": [10, 79], "uv_size": [1, 4]},
								"down": {"uv": [11, 83], "uv_size": [1, -4]}
							}
						},
						{
							"origin": [-8.025, 17.8527, -4.48481],
							"size": [1, 6, 2],
							"pivot": [-7.525, 19.8527, -2.48481],
							"rotation": [-22.5, 0, 0],
							"uv": {
								"north": {"uv": [67, 77], "uv_size": [1, 6]},
								"east": {"uv": [24, 74], "uv_size": [2, 6]},
								"south": {"uv": [77, 77], "uv_size": [1, 6]},
								"west": {"uv": [68, 74], "uv_size": [2, 6]},
								"up": {"uv": [53, 81], "uv_size": [1, 2]},
								"down": {"uv": [54, 83], "uv_size": [1, -2]}
							}
						},
						{
							"origin": [-8.05, 15, -7],
							"size": [1, 5, 3],
							"pivot": [-7.55, 17, -5],
							"rotation": [-52.5, 0, 0],
							"uv": {
								"north": {"uv": [6, 79], "uv_size": [1, 5]},
								"east": {"uv": [62, 72], "uv_size": [3, 5]},
								"south": {"uv": [7, 79], "uv_size": [1, 5]},
								"west": {"uv": [65, 72], "uv_size": [3, 5]},
								"up": {"uv": [81, 34], "uv_size": [1, 3]},
								"down": {"uv": [81, 40], "uv_size": [1, -3]}
							}
						},
						{
							"origin": [-8.05048, 30.37868, 2.52181],
							"size": [1.05, 3, 4.25],
							"pivot": [-7.50048, 31.87868, 4.02181],
							"rotation": [-45, 0, 0],
							"uv": {
								"north": {"uv": [50, 81], "uv_size": [1, 3]},
								"east": {"uv": [65, 7], "uv_size": [4, 2]},
								"south": {"uv": [81, 50], "uv_size": [1, 3]},
								"west": {"uv": [74, 28], "uv_size": [4, 3]},
								"up": {"uv": [12, 79], "uv_size": [1, 4]},
								"down": {"uv": [26, 83], "uv_size": [1, -4]}
							}
						},
						{
							"origin": [-8, 31, -3],
							"size": [1, 3, 7],
							"uv": {
								"north": {"uv": [81, 40], "uv_size": [1, 3]},
								"east": {"uv": [72, 38], "uv_size": [7, 3]},
								"south": {"uv": [81, 43], "uv_size": [1, 3]},
								"west": {"uv": [72, 41], "uv_size": [7, 3]},
								"up": {"uv": [47, 77], "uv_size": [1, 7]},
								"down": {"uv": [48, 84], "uv_size": [1, -7]}
							}
						},
						{
							"origin": [-8, 13, -3],
							"size": [1, 18, 10],
							"uv": {
								"north": {"uv": [57, 72], "uv_size": [1, 18]},
								"east": {"uv": [32, 13], "uv_size": [10, 18]},
								"south": {"uv": [58, 72], "uv_size": [1, 18]},
								"west": {"uv": [36, 31], "uv_size": [10, 18]},
								"up": {"uv": [75, 75], "uv_size": [1, 10]},
								"down": {"uv": [76, 54], "uv_size": [1, -10]}
							}
						},
						{
							"origin": [-7, 28.35, -2],
							"size": [14, 4.35, 6],
							"uv": {
								"north": {"uv": [0, 68], "uv_size": [14, 4]},
								"east": {"uv": [70, 2], "uv_size": [6, 4]},
								"south": {"uv": [69, 7], "uv_size": [14, 4]},
								"west": {"uv": [70, 56], "uv_size": [6, 4]},
								"up": {"uv": [56, 56], "uv_size": [14, 6]},
								"down": {"uv": [27, 63], "uv_size": [14, -6]}
							}
						},
						{
							"origin": [6, 19, -2],
							"size": [1, 9.35, 6],
							"uv": {
								"north": {"uv": [71, 75], "uv_size": [1, 10]},
								"east": {"uv": [20, 64], "uv_size": [6, 10]},
								"south": {"uv": [72, 75], "uv_size": [1, 10]},
								"west": {"uv": [34, 67], "uv_size": [6, 10]},
								"up": {"uv": [60, 77], "uv_size": [1, 6]},
								"down": {"uv": [61, 83], "uv_size": [1, -6]}
							}
						},
						{
							"origin": [-7, 17, -4],
							"size": [14, 1, 9.975],
							"uv": {
								"north": {"uv": [72, 55], "uv_size": [14, 1]},
								"east": {"uv": [75, 32], "uv_size": [10, 1]},
								"south": {"uv": [68, 72], "uv_size": [14, 1]},
								"west": {"uv": [75, 33], "uv_size": [10, 1]},
								"up": {"uv": [44, 0], "uv_size": [14, 10]},
								"down": {"uv": [13, 59], "uv_size": [14, -10]}
							}
						},
						{
							"origin": [-7, 18, -2],
							"size": [14, 1, 7.975],
							"uv": {
								"north": {"uv": [74, 26], "uv_size": [14, 1]},
								"east": {"uv": [76, 56], "uv_size": [8, 1]},
								"south": {"uv": [74, 27], "uv_size": [14, 1]},
								"west": {"uv": [76, 57], "uv_size": [8, 1]},
								"up": {"uv": [27, 49], "uv_size": [14, 8]},
								"down": {"uv": [55, 18], "uv_size": [14, -8]}
							}
						},
						{
							"origin": [-7, 16, -9],
							"size": [14, 1.025, 5],
							"uv": {
								"north": {"uv": [70, 6], "uv_size": [14, 1]},
								"east": {"uv": [78, 28], "uv_size": [5, 1]},
								"south": {"uv": [70, 60], "uv_size": [14, 1]},
								"west": {"uv": [78, 29], "uv_size": [5, 1]},
								"up": {"uv": [41, 58], "uv_size": [14, 5]},
								"down": {"uv": [12, 64], "uv_size": [14, -5]}
							}
						},
						{
							"origin": [-7.025, 9.51662, -7.4781],
							"size": [14.025, 7, 1],
							"pivot": [6.475, 14.01662, -7.4781],
							"rotation": [37.5, 0, 0],
							"uv": {
								"north": {"uv": [55, 18], "uv_size": [14, 7]},
								"east": {"uv": [36, 77], "uv_size": [1, 7]},
								"south": {"uv": [56, 25], "uv_size": [14, 7]},
								"west": {"uv": [37, 77], "uv_size": [1, 7]},
								"up": {"uv": [68, 73], "uv_size": [14, 1]},
								"down": {"uv": [74, 26], "uv_size": [14, -1]}
							}
						},
						{
							"origin": [7, 16, -10],
							"size": [1.075, 2, 4],
							"uv": {
								"north": {"uv": [80, 75], "uv_size": [1, 2]},
								"east": {"uv": [75, 34], "uv_size": [4, 2]},
								"south": {"uv": [81, 46], "uv_size": [1, 2]},
								"west": {"uv": [75, 36], "uv_size": [4, 2]},
								"up": {"uv": [55, 58], "uv_size": [1, 4]},
								"down": {"uv": [26, 63], "uv_size": [1, -4]}
							}
						},
						{
							"origin": [7, 10.12538, -8.68474],
							"size": [1.025, 7, 3],
							"pivot": [7.5, 14.62538, -7.68474],
							"rotation": [37.5, 0, 0],
							"uv": {
								"north": {"uv": [34, 77], "uv_size": [1, 7]},
								"east": {"uv": [4, 72], "uv_size": [3, 7]},
								"south": {"uv": [35, 77], "uv_size": [1, 7]},
								"west": {"uv": [7, 72], "uv_size": [3, 7]},
								"up": {"uv": [27, 81], "uv_size": [1, 3]},
								"down": {"uv": [28, 84], "uv_size": [1, -3]}
							}
						},
						{
							"origin": [7, 13, -6],
							"size": [1, 5, 3],
							"uv": {
								"north": {"uv": [31, 13], "uv_size": [1, 5]},
								"east": {"uv": [28, 13], "uv_size": [3, 5]},
								"south": {"uv": [45, 26], "uv_size": [1, 5]},
								"west": {"uv": [42, 26], "uv_size": [3, 5]},
								"up": {"uv": [33, 79], "uv_size": [1, 3]},
								"down": {"uv": [66, 82], "uv_size": [1, -3]}
							}
						},
						{
							"origin": [7.05, 15, -7],
							"size": [1, 5, 3],
							"pivot": [7.55, 17, -5],
							"rotation": [-52.5, 0, 0],
							"uv": {
								"north": {"uv": [78, 44], "uv_size": [1, 5]},
								"east": {"uv": [13, 44], "uv_size": [3, 5]},
								"south": {"uv": [78, 77], "uv_size": [1, 5]},
								"west": {"uv": [72, 44], "uv_size": [3, 5]},
								"up": {"uv": [68, 80], "uv_size": [1, 3]},
								"down": {"uv": [69, 83], "uv_size": [1, -3]}
							}
						},
						{
							"origin": [7.025, 17.8527, -4.48481],
							"size": [1, 6, 2],
							"pivot": [7.525, 19.8527, -2.48481],
							"rotation": [-22.5, 0, 0],
							"uv": {
								"north": {"uv": [49, 77], "uv_size": [1, 6]},
								"east": {"uv": [20, 74], "uv_size": [2, 6]},
								"south": {"uv": [59, 77], "uv_size": [1, 6]},
								"west": {"uv": [22, 74], "uv_size": [2, 6]},
								"up": {"uv": [45, 56], "uv_size": [1, 2]},
								"down": {"uv": [12, 59], "uv_size": [1, -2]}
							}
						},
						{
							"origin": [7.00048, 30.37868, 2.52181],
							"size": [1.1, 3, 4.25],
							"pivot": [7.50048, 31.87868, 4.02181],
							"rotation": [-45, 0, 0],
							"uv": {
								"north": {"uv": [2, 81], "uv_size": [1, 3]},
								"east": {"uv": [51, 10], "uv_size": [4, 3]},
								"south": {"uv": [3, 81], "uv_size": [1, 3]},
								"west": {"uv": [41, 55], "uv_size": [4, 2]},
								"up": {"uv": [8, 79], "uv_size": [1, 4]},
								"down": {"uv": [9, 83], "uv_size": [1, -4]}
							}
						},
						{
							"origin": [7, 31, -3],
							"size": [1, 3, 7],
							"uv": {
								"north": {"uv": [0, 81], "uv_size": [1, 3]},
								"east": {"uv": [44, 10], "uv_size": [7, 3]},
								"south": {"uv": [1, 81], "uv_size": [1, 3]},
								"west": {"uv": [58, 7], "uv_size": [7, 3]},
								"up": {"uv": [45, 49], "uv_size": [1, 7]},
								"down": {"uv": [76, 82], "uv_size": [1, -7]}
							}
						},
						{
							"origin": [7, 13, -3],
							"size": [1, 18, 10],
							"uv": {
								"north": {"uv": [55, 72], "uv_size": [1, 18]},
								"east": {"uv": [16, 31], "uv_size": [10, 18]},
								"south": {"uv": [56, 72], "uv_size": [1, 18]},
								"west": {"uv": [26, 31], "uv_size": [10, 18]},
								"up": {"uv": [75, 44], "uv_size": [1, 10]},
								"down": {"uv": [70, 85], "uv_size": [1, -10]}
							}
						},
						{
							"origin": [-8, 0.075, -6],
							"size": [16, 12.925, 13],
							"uv": {
								"north": {"uv": [0, 18], "uv_size": [16, 13]},
								"east": {"uv": [42, 13], "uv_size": [13, 13]},
								"south": {"uv": [16, 18], "uv_size": [16, 13]},
								"west": {"uv": [0, 44], "uv_size": [13, 13]},
								"up": {"uv": [28, 0], "uv_size": [16, 13]},
								"down": {"uv": [0, 44], "uv_size": [16, -13]}
							}
						},
						{
							"origin": [-6, 2.58579, -7.925],
							"size": [2, 3, 16],
							"pivot": [-5, 4.58579, 2.075],
							"rotation": [0, 0, -45],
							"uv": {
								"north": {"uv": [0, 78], "uv_size": [2, 3]},
								"east": {"uv": [69, 17], "uv_size": [16, 3]},
								"south": {"uv": [2, 78], "uv_size": [2, 3]},
								"west": {"uv": [69, 20], "uv_size": [16, 3]},
								"up": {"uv": [42, 71], "uv_size": [2, 16]},
								"down": {"uv": [44, 87], "uv_size": [2, -16]}
							}
						},
						{
							"origin": [-7, 19, -2],
							"size": [1, 9.35, 6],
							"uv": {
								"north": {"uv": [73, 75], "uv_size": [1, 10]},
								"east": {"uv": [55, 62], "uv_size": [7, 10]},
								"south": {"uv": [74, 75], "uv_size": [1, 10]},
								"west": {"uv": [62, 62], "uv_size": [7, 10]},
								"up": {"uv": [38, 77], "uv_size": [1, 7]},
								"down": {"uv": [39, 84], "uv_size": [1, -7]}
							}
						},
						{
							"origin": [-6, 27, -2],
							"size": [12, 1.35, 6],
							"uv": {
								"north": {"uv": [70, 74], "uv_size": [12, 1]},
								"east": {"uv": [76, 58], "uv_size": [7, 1]},
								"south": {"uv": [75, 31], "uv_size": [12, 1]},
								"west": {"uv": [76, 59], "uv_size": [7, 1]},
								"up": {"uv": [0, 57], "uv_size": [12, 7]},
								"down": {"uv": [58, 7], "uv_size": [12, -7]}
							}
						},
						{
							"origin": [3.025, 16.6, -7.075],
							"size": [1.5, 1.5, 1.5],
							"inflate": -0.2,
							"uv": {
								"north": {"uv": [78, 49], "uv_size": [2, 2]},
								"east": {"uv": [27, 79], "uv_size": [2, 2]},
								"south": {"uv": [29, 79], "uv_size": [2, 2]},
								"west": {"uv": [31, 79], "uv_size": [2, 2]},
								"up": {"uv": [79, 34], "uv_size": [2, 2]},
								"down": {"uv": [79, 38], "uv_size": [2, -2]}
							}
						},
						{
							"origin": [4.3, 16.6, -8.45],
							"size": [1.5, 1.5, 1.5],
							"inflate": -0.2,
							"uv": {
								"north": {"uv": [79, 38], "uv_size": [2, 2]},
								"east": {"uv": [64, 81], "uv_size": [1, 2]},
								"south": {"uv": [79, 40], "uv_size": [2, 2]},
								"west": {"uv": [65, 81], "uv_size": [1, 2]},
								"up": {"uv": [70, 31], "uv_size": [2, 1]},
								"down": {"uv": [78, 31], "uv_size": [2, -1]}
							}
						},
						{
							"origin": [-3.9, 16.6, -7.075],
							"size": [1.5, 1.5, 1.5],
							"inflate": -0.2,
							"uv": {
								"north": {"uv": [79, 46], "uv_size": [2, 2]},
								"east": {"uv": [50, 79], "uv_size": [2, 2]},
								"south": {"uv": [79, 51], "uv_size": [2, 2]},
								"west": {"uv": [52, 79], "uv_size": [2, 2]},
								"up": {"uv": [64, 79], "uv_size": [2, 2]},
								"down": {"uv": [79, 70], "uv_size": [2, -2]}
							}
						},
						{
							"origin": [-5.9, 17.85, -8.075],
							"size": [2, 2, 2],
							"inflate": -0.2,
							"uv": {
								"north": {"uv": [79, 70], "uv_size": [2, 2]},
								"east": {"uv": [79, 77], "uv_size": [2, 2]},
								"south": {"uv": [79, 79], "uv_size": [2, 2]},
								"west": {"uv": [80, 2], "uv_size": [2, 2]},
								"up": {"uv": [80, 4], "uv_size": [2, 2]},
								"down": {"uv": [16, 82], "uv_size": [2, -2]}
							}
						},
						{
							"origin": [-5.525, 16.25, -7.675],
							"size": [1.225, 2, 1.15],
							"inflate": -0.2,
							"uv": {
								"north": {"uv": [81, 75], "uv_size": [1, 2]},
								"east": {"uv": [81, 77], "uv_size": [1, 2]},
								"south": {"uv": [79, 81], "uv_size": [1, 2]},
								"west": {"uv": [81, 79], "uv_size": [1, 2]},
								"up": {"uv": [55, 25], "uv_size": [1, 1]},
								"down": {"uv": [79, 49], "uv_size": [1, -1]}
							}
						},
						{
							"origin": [1.4, 16.25, -7.675],
							"size": [1.225, 2, 1.15],
							"inflate": -0.2,
							"uv": {
								"north": {"uv": [80, 81], "uv_size": [1, 2]},
								"east": {"uv": [81, 81], "uv_size": [1, 2]},
								"south": {"uv": [82, 2], "uv_size": [1, 2]},
								"west": {"uv": [82, 4], "uv_size": [1, 2]},
								"up": {"uv": [80, 50], "uv_size": [1, 1]},
								"down": {"uv": [81, 54], "uv_size": [1, -1]}
							}
						},
						{
							"origin": [1.025, 17.85, -8.075],
							"size": [2, 2, 2],
							"inflate": -0.2,
							"uv": {
								"north": {"uv": [18, 80], "uv_size": [2, 2]},
								"east": {"uv": [20, 80], "uv_size": [2, 2]},
								"south": {"uv": [22, 80], "uv_size": [2, 2]},
								"west": {"uv": [24, 80], "uv_size": [2, 2]},
								"up": {"uv": [80, 48], "uv_size": [2, 2]},
								"down": {"uv": [62, 82], "uv_size": [2, -2]}
							}
						},
						{
							"origin": [-2.625, 16.6, -8.45],
							"size": [1.5, 1.5, 1.5],
							"inflate": -0.2,
							"uv": {
								"north": {"uv": [79, 42], "uv_size": [2, 2]},
								"east": {"uv": [81, 68], "uv_size": [1, 2]},
								"south": {"uv": [79, 44], "uv_size": [2, 2]},
								"west": {"uv": [81, 70], "uv_size": [1, 2]},
								"up": {"uv": [79, 53], "uv_size": [2, 1]},
								"down": {"uv": [80, 31], "uv_size": [2, -1]}
							}
						}
					]
				}
			]
		}
	]
}