{
	"format_version": "1.12.0",
	"minecraft:geometry": [
		{
			"description": {
				"identifier": "geometry.makecodenode",
				"texture_width": 16,
				"texture_height": 16,
				"visible_bounds_width": 2,
				"visible_bounds_height": 1.5,
				"visible_bounds_offset": [0, 0.25, 0]
			},
			"bones": [
				{
					"name": "MakeCodeNode",
					"pivot": [0, 0, 0],
					"cubes": [
						{
							"origin": [-5.5, -2, -0.5],
							"size": [1, 4, 1],
							"uv": {
								"north": {"uv": [1, 10], "uv_size": [1, 4]},
								"east": {"uv": [0, 10], "uv_size": [1, 4]},
								"south": {"uv": [3, 10], "uv_size": [1, 4]},
								"west": {"uv": [2, 10], "uv_size": [1, 4]},
								"up": {"uv": [1, 9], "uv_size": [1, 1]},
								"down": {"uv": [2, 10], "uv_size": [1, -1]}
							}
						},
						{
							"origin": [-0.5, -2, -0.5],
							"size": [6, 4, 1],
							"uv": {
								"north": {"uv": [1, 1], "uv_size": [6, 4]},
								"east": {"uv": [0, 1], "uv_size": [1, 4]},
								"south": {"uv": [8, 1], "uv_size": [6, 4]},
								"west": {"uv": [7, 1], "uv_size": [1, 4]},
								"up": {"uv": [1, 0], "uv_size": [6, 1]},
								"down": {"uv": [7, 1], "uv_size": [6, -1]}
							}
						},
						{
							"origin": [-4.5, -2, -0.5],
							"size": [4, 3, 1],
							"uv": {
								"north": {"uv": [1, 6], "uv_size": [4, 3]},
								"east": {"uv": [0, 6], "uv_size": [1, 3]},
								"south": {"uv": [6, 6], "uv_size": [4, 3]},
								"west": {"uv": [5, 6], "uv_size": [1, 3]},
								"up": {"uv": [1, 5], "uv_size": [4, 1]},
								"down": {"uv": [5, 6], "uv_size": [4, -1]}
							}
						},
						{
							"origin": [-4.29289, 0.63579, -0.475],
							"size": [1, 1.45, 0.95],
							"pivot": [-3.79289, 0.58579, 0],
							"rotation": [0, 0, -45],
							"uv": {
								"north": {"uv": [10, 6], "uv_size": [1, 1]},
								"east": {"uv": [10, 6], "uv_size": [0, 1]},
								"south": {"uv": [11, 6], "uv_size": [1, 1]},
								"west": {"uv": [13, 9], "uv_size": [0, 1]},
								"up": {"uv": [10, 6], "uv_size": [1, 0]},
								"down": {"uv": [11, 6], "uv_size": [1, 0]}
							}
						},
						{
							"origin": [-1.70711, 0.63579, -0.475],
							"size": [1, 1.45, 0.95],
							"pivot": [-1.20711, 0.58579, 0],
							"rotation": [0, 0, 45],
							"uv": {
								"north": {"uv": [8, 10], "uv_size": [1, 1]},
								"east": {"uv": [12, 9], "uv_size": [0, 1]},
								"south": {"uv": [9, 10], "uv_size": [1, 1]},
								"west": {"uv": [13, 9], "uv_size": [0, 1]},
								"up": {"uv": [12, 9], "uv_size": [1, 0]},
								"down": {"uv": [13, 9], "uv_size": [1, 0]}
							}
						},
						{
							"origin": [-3.61109, -2.6318, -0.475],
							"size": [1, 1.45, 0.95],
							"pivot": [-3.11109, -2.6818, 0],
							"rotation": [0, 0, -45],
							"uv": {
								"north": {"uv": [9, 5], "uv_size": [1, 1]},
								"east": {"uv": [9, 5], "uv_size": [0, 1]},
								"south": {"uv": [10, 5], "uv_size": [1, 1]},
								"west": {"uv": [10, 5], "uv_size": [0, 1]},
								"up": {"uv": [9, 5], "uv_size": [1, 0]},
								"down": {"uv": [10, 5], "uv_size": [1, 0]}
							}
						},
						{
							"origin": [-2.38891, -2.6318, -0.475],
							"size": [1, 1.45, 0.95],
							"pivot": [-1.88891, -2.6818, 0],
							"rotation": [0, 0, 45],
							"uv": {
								"north": {"uv": [3, 9], "uv_size": [1, 1]},
								"east": {"uv": [3, 9], "uv_size": [0, 1]},
								"south": {"uv": [4, 9], "uv_size": [1, 1]},
								"west": {"uv": [4, 9], "uv_size": [0, 1]},
								"up": {"uv": [3, 9], "uv_size": [1, 0]},
								"down": {"uv": [4, 9], "uv_size": [1, 0]}
							}
						},
						{
							"origin": [-3.5, -3, -0.5],
							"size": [2, 1, 1],
							"uv": {
								"north": {"uv": [5, 10], "uv_size": [2, 1]},
								"east": {"uv": [4, 10], "uv_size": [1, 1]},
								"south": {"uv": [8, 10], "uv_size": [2, 1]},
								"west": {"uv": [7, 10], "uv_size": [1, 1]},
								"up": {"uv": [5, 9], "uv_size": [2, 1]},
								"down": {"uv": [7, 10], "uv_size": [2, -1]}
							}
						}
					]
				}
			]
		}
	]
}