{
	"format_version": "1.12.0",
	"minecraft:geometry": [
		{
			"description": {
				"identifier": "geometry.npc3",
				"texture_width": 64,
				"texture_height": 64,
				"visible_bounds_width": 2,
				"visible_bounds_height": 3.5,
				"visible_bounds_offset": [0, 1.25, 0]
			},
			"bones": [
				{
					"name": "Main",
					"pivot": [0, -4, 0]
				},
				{
					"name": "LeftLeg",
					"parent": "Main",
					"pivot": [1.9, 7.775, 0],
					"rotation": [-96.74485, -2.2824, 0.49029],
					"cubes": [
						{
							"origin": [-0.02004, -0.37301, -3.69205],
							"size": [4, 8, 4],
							"uv": {
								"north": {"uv": [20, 52], "uv_size": [4, 8]},
								"east": {"uv": [16, 52], "uv_size": [4, 8]},
								"south": {"uv": [28, 52], "uv_size": [4, 8]},
								"west": {"uv": [24, 52], "uv_size": [4, 8]},
								"up": {"uv": [22, 48], "uv_size": [2, 2]},
								"down": {"uv": [60, 49], "uv_size": [4, -4]}
							}
						},
						{
							"origin": [-0.02004, -0.37301, 0.30795],
							"size": [4, 4, 4],
							"uv": {
								"north": {"uv": [26.5, 43], "uv_size": [4, 4]},
								"east": {"uv": [28, 60], "uv_size": [4, 4]},
								"south": {"uv": [24, 48], "uv_size": [4, 4]},
								"west": {"uv": [24, 60], "uv_size": [4, 4]},
								"up": {"uv": [16, 60], "uv_size": [4, 4]},
								"down": {"uv": [20, 64], "uv_size": [4, -4]}
							}
						},
						{
							"origin": [-0.02004, -0.37301, 0.30795],
							"size": [4, 4, 4],
							"uv": {
								"north": {"uv": [60, 60], "uv_size": [4, 4]},
								"east": {"uv": [12, 60], "uv_size": [4, 4]},
								"south": {"uv": [24, 48], "uv_size": [4, 4]},
								"west": {"uv": [8, 60], "uv_size": [4, 4]},
								"up": {"uv": [0, 60], "uv_size": [4, 4]},
								"down": {"uv": [4, 64], "uv_size": [4, -4]}
							}
						}
					]
				},
				{
					"name": "RightLeg",
					"parent": "Main",
					"pivot": [-1.9, 7.775, 0],
					"rotation": [-96.74485, 2.2824, -0.49029],
					"cubes": [
						{
							"origin": [-3.97996, -0.37301, -3.69205],
							"size": [4, 8, 4],
							"uv": {
								"north": {"uv": [24, 52], "uv_size": [-4, 8]},
								"east": {"uv": [28, 52], "uv_size": [-4, 8]},
								"south": {"uv": [32, 52], "uv_size": [-4, 8]},
								"west": {"uv": [20, 52], "uv_size": [-4, 8]},
								"up": {"uv": [24, 48], "uv_size": [-2, 2]},
								"down": {"uv": [64, 49], "uv_size": [-4, -4]}
							}
						},
						{
							"origin": [-3.97996, -0.37301, 0.30795],
							"size": [4, 4, 4],
							"uv": {
								"north": {"uv": [30.5, 43], "uv_size": [-4, 4]},
								"east": {"uv": [28, 60], "uv_size": [-4, 4]},
								"south": {"uv": [28, 48], "uv_size": [-4, 4]},
								"west": {"uv": [32, 60], "uv_size": [-4, 4]},
								"up": {"uv": [20, 60], "uv_size": [-4, 4]},
								"down": {"uv": [24, 64], "uv_size": [-4, -4]}
							}
						},
						{
							"origin": [-3.97996, -0.37301, 0.30795],
							"size": [4, 4, 4],
							"uv": {
								"north": {"uv": [64, 60], "uv_size": [-4, 4]},
								"east": {"uv": [12, 60], "uv_size": [-4, 4]},
								"south": {"uv": [28, 48], "uv_size": [-4, 4]},
								"west": {"uv": [16, 60], "uv_size": [-4, 4]},
								"up": {"uv": [4, 60], "uv_size": [-4, 4]},
								"down": {"uv": [8, 64], "uv_size": [-4, -4]}
							}
						}
					]
				},
				{
					"name": "RightArm",
					"parent": "Main",
					"pivot": [-5, 18, 0],
					"rotation": [-10, 0, 0],
					"cubes": [
						{
							"origin": [-8, 8, -2],
							"size": [4, 12, 4],
							"uv": {
								"north": {"uv": [44, 20], "uv_size": [4, 12]},
								"east": {"uv": [40, 20], "uv_size": [4, 12]},
								"south": {"uv": [52, 20], "uv_size": [4, 12]},
								"west": {"uv": [48, 20], "uv_size": [4, 12]},
								"up": {"uv": [44, 16], "uv_size": [4, 4]},
								"down": {"uv": [48, 20], "uv_size": [4, -4]}
							}
						}
					]
				},
				{
					"name": "LeftArm",
					"parent": "Main",
					"pivot": [5, 18, 0],
					"rotation": [-17.5, 0, 0],
					"cubes": [
						{
							"origin": [4, 8, -2],
							"size": [4, 12, 4],
							"uv": {
								"north": {"uv": [48, 52], "uv_size": [-4, 12]},
								"east": {"uv": [36, 52], "uv_size": [-4, 12]},
								"south": {"uv": [40, 52], "uv_size": [-4, 12]},
								"west": {"uv": [44, 52], "uv_size": [-4, 12]},
								"up": {"uv": [40, 48], "uv_size": [-4, 4]},
								"down": {"uv": [44, 52], "uv_size": [-4, -4]}
							}
						}
					]
				},
				{
					"name": "Body",
					"parent": "Main",
					"pivot": [0, 20, 0],
					"cubes": [
						{
							"origin": [-4, 8, -2],
							"size": [8, 12, 4],
							"uv": {
								"north": {"uv": [20, 20], "uv_size": [8, 12]},
								"east": {"uv": [16, 20], "uv_size": [4, 12]},
								"south": {"uv": [32, 20], "uv_size": [8, 12]},
								"west": {"uv": [28, 20], "uv_size": [4, 12]},
								"up": {"uv": [20, 16], "uv_size": [8, 4]},
								"down": {"uv": [28, 20], "uv_size": [8, -4]}
							}
						},
						{
							"origin": [-4, 8, -2],
							"size": [8, 12, 4],
							"inflate": 0.25,
							"uv": {
								"north": {"uv": [20, 36], "uv_size": [8, 12]},
								"east": {"uv": [16, 36], "uv_size": [4, 12]},
								"south": {"uv": [32, 36], "uv_size": [8, 12]},
								"west": {"uv": [28, 36], "uv_size": [4, 12]},
								"up": {"uv": [20, 32], "uv_size": [8, 4]},
								"down": {"uv": [28, 36], "uv_size": [8, -4]}
							}
						}
					]
				},
				{
					"name": "Head",
					"parent": "Main",
					"pivot": [0, 20, 0],
					"rotation": [-6, 5, 0],
					"cubes": [
						{
							"origin": [-4, 20, -4],
							"size": [8, 8, 8],
							"uv": {
								"north": {"uv": [8, 8], "uv_size": [8, 8]},
								"east": {"uv": [0, 8], "uv_size": [8, 8]},
								"south": {"uv": [24, 8], "uv_size": [8, 8]},
								"west": {"uv": [16, 8], "uv_size": [8, 8]},
								"up": {"uv": [8, 0], "uv_size": [8, 8]},
								"down": {"uv": [16, 8], "uv_size": [8, -8]}
							}
						},
						{
							"origin": [-4, 20, -4],
							"size": [8, 8, 8],
							"inflate": 0.5,
							"uv": {
								"north": {"uv": [40, 8], "uv_size": [8, 8]},
								"east": {"uv": [32, 8], "uv_size": [8, 8]},
								"south": {"uv": [56, 8], "uv_size": [8, 8]},
								"west": {"uv": [48, 11], "uv_size": [5, 5]},
								"up": {"uv": [40, 0], "uv_size": [8, 8]},
								"down": {"uv": [48, 5.5], "uv_size": [5, -5.5]}
							}
						}
					]
				},
				{
					"name": "wheelchair",
					"pivot": [0, -4, -0.25],
					"cubes": [
						{
							"origin": [-4, 9, 1.975],
							"size": [8, 6, 1],
							"uv": {
								"north": {"uv": [55.5, 61], "uv_size": [4, 3]},
								"east": {"uv": [55, 61], "uv_size": [0.5, 3]},
								"south": {"uv": [60, 61], "uv_size": [4, 3]},
								"west": {"uv": [59.5, 61], "uv_size": [0.5, 3]},
								"up": {"uv": [55.5, 60.5], "uv_size": [4, 0.5]},
								"down": {"uv": [59.5, 61], "uv_size": [4, -0.5]}
							}
						},
						{
							"origin": [-4, 7.375, 1.65],
							"size": [8, 2, 1],
							"inflate": -0.1,
							"uv": {
								"north": {"uv": [54, 58], "uv_size": [4, 1]},
								"east": {"uv": [53.5, 58], "uv_size": [0.5, 1]},
								"south": {"uv": [58.5, 58], "uv_size": [4, 1]},
								"west": {"uv": [58, 58], "uv_size": [0.5, 1]},
								"up": {"uv": [59.5, 59], "uv_size": [4, 0.5]},
								"down": {"uv": [59.5, 60], "uv_size": [4, -0.5]}
							}
						},
						{
							"origin": [-4, 7, -3.3],
							"size": [8, 1, 5.275],
							"uv": {
								"north": {"uv": [48.5, 48], "uv_size": [4, 0.5]},
								"east": {"uv": [46, 48], "uv_size": [2.5, 0.5]},
								"south": {"uv": [55, 48], "uv_size": [4, 0.5]},
								"west": {"uv": [52.5, 48], "uv_size": [2.5, 0.5]},
								"up": {"uv": [48.5, 45.5], "uv_size": [4, 2.5]},
								"down": {"uv": [52.5, 48], "uv_size": [4, -2.5]}
							}
						},
						{
							"origin": [-6.525, 5, -1.75],
							"size": [2, 2, 2],
							"uv": {
								"north": {"uv": [1, 1], "uv_size": [1, 1]},
								"east": {"uv": [0, 1], "uv_size": [1, 1]},
								"south": {"uv": [3, 1], "uv_size": [1, 1]},
								"west": {"uv": [2, 1], "uv_size": [1, 1]},
								"up": {"uv": [1, 0], "uv_size": [1, 1]},
								"down": {"uv": [2, 1], "uv_size": [1, -1]}
							}
						},
						{
							"origin": [-5, 4.525, -3.25],
							"size": [1, 3, 5],
							"uv": {
								"north": {"uv": [59, 55.5], "uv_size": [0.5, 1.5]},
								"east": {"uv": [56.5, 55.5], "uv_size": [2.5, 1.5]},
								"south": {"uv": [62, 55.5], "uv_size": [0.5, 1.5]},
								"west": {"uv": [59.5, 55.5], "uv_size": [2.5, 1.5]},
								"up": {"uv": [59, 53], "uv_size": [0.5, 2.5]},
								"down": {"uv": [59.5, 55.5], "uv_size": [0.5, -2.5]}
							}
						},
						{
							"origin": [-3, 3, -3.25],
							"size": [1, 4, 1],
							"pivot": [0, 6.5, -2.75],
							"rotation": [-10, 0, 0],
							"uv": {
								"north": {"uv": [61.5, 52], "uv_size": [0.5, 2.5]},
								"east": {"uv": [61, 52], "uv_size": [0.5, 2.5]},
								"south": {"uv": [62.5, 52], "uv_size": [0.5, 2.5]},
								"west": {"uv": [62, 52], "uv_size": [0.5, 2.5]},
								"up": {"uv": [61.5, 51.5], "uv_size": [0.5, 0.5]},
								"down": {"uv": [62, 52], "uv_size": [0.5, -0.5]}
							}
						},
						{
							"origin": [2, 3, -3.25],
							"size": [1, 4, 1],
							"pivot": [0, 6.5, -2.75],
							"rotation": [-10, 0, 0],
							"uv": {
								"north": {"uv": [62, 52], "uv_size": [-0.5, 2.5]},
								"east": {"uv": [62.5, 52], "uv_size": [-0.5, 2.5]},
								"south": {"uv": [63, 52], "uv_size": [-0.5, 2.5]},
								"west": {"uv": [61.5, 52], "uv_size": [-0.5, 2.5]},
								"up": {"uv": [62, 51.5], "uv_size": [-0.5, 0.5]},
								"down": {"uv": [62.5, 52], "uv_size": [-0.5, -0.5]}
							}
						},
						{
							"origin": [4, 4.525, -3.25],
							"size": [1, 3, 5],
							"uv": {
								"north": {"uv": [59.5, 55.5], "uv_size": [-0.5, 1.5]},
								"east": {"uv": [62, 55.5], "uv_size": [-2.5, 1.5]},
								"south": {"uv": [62.5, 55.5], "uv_size": [-0.5, 1.5]},
								"west": {"uv": [59, 55.5], "uv_size": [-2.5, 1.5]},
								"up": {"uv": [59.5, 53], "uv_size": [-0.5, 2.5]},
								"down": {"uv": [60, 55.5], "uv_size": [-0.5, -2.5]}
							}
						},
						{
							"origin": [-4, 3.12454, -7.67647],
							"size": [8, 1, 4],
							"pivot": [0, 4.125, -3.675],
							"rotation": [-2.5, 0, 0],
							"uv": {
								"north": {"uv": [50.5, 51.5], "uv_size": [4, 0.5]},
								"east": {"uv": [48.5, 51.5], "uv_size": [2, 0.5]},
								"south": {"uv": [56.5, 51.5], "uv_size": [4, 0.5]},
								"west": {"uv": [54.5, 51.5], "uv_size": [2, 0.5]},
								"up": {"uv": [50.5, 49.5], "uv_size": [4, 2]},
								"down": {"uv": [54.5, 51.5], "uv_size": [4, -2]}
							}
						},
						{
							"origin": [4.525, 5, -1.75],
							"size": [2, 2, 2],
							"uv": {
								"north": {"uv": [2, 1], "uv_size": [-1, 1]},
								"east": {"uv": [3, 1], "uv_size": [-1, 1]},
								"south": {"uv": [4, 1], "uv_size": [-1, 1]},
								"west": {"uv": [1, 1], "uv_size": [-1, 1]},
								"up": {"uv": [2, 0], "uv_size": [-1, 1]},
								"down": {"uv": [3, 1], "uv_size": [-1, -1]}
							}
						}
					]
				},
				{
					"name": "hexadecagon2",
					"parent": "wheelchair",
					"pivot": [-6, 6, -0.775],
					"cubes": [
						{
							"origin": [-6.475, 4.80653, -6.775],
							"size": [1, 2.38695, 1],
							"pivot": [-5.975, 6, -0.775],
							"rotation": [45, 0, 0],
							"uv": {
								"north": {"uv": [62.5, 0.5], "uv_size": [0.5, 1]},
								"east": {"uv": [63.5, 0], "uv_size": [0.5, 1]},
								"south": {"uv": [63.5, 0.5], "uv_size": [0.5, 1]},
								"west": {"uv": [63, 0.5], "uv_size": [0.5, 1]},
								"up": {"uv": [62.5, 0], "uv_size": [0.5, 0.5]},
								"down": {"uv": [63, 0.5], "uv_size": [0.5, -0.5]}
							}
						},
						{
							"origin": [-6.5, 4.80653, -6.775],
							"size": [1, 2.38695, 1],
							"pivot": [-6, 6, -0.775],
							"rotation": [22.5, 0, 0],
							"uv": {
								"north": {"uv": [62.5, 0.5], "uv_size": [0.5, 1]},
								"east": {"uv": [63.5, 0], "uv_size": [0.5, 1]},
								"south": {"uv": [63.5, 0.5], "uv_size": [0.5, 1]},
								"west": {"uv": [63, 0.5], "uv_size": [0.5, 1]},
								"up": {"uv": [62.5, 0], "uv_size": [0.5, 0.5]},
								"down": {"uv": [63, 0.5], "uv_size": [0.5, -0.5]}
							}
						},
						{
							"origin": [-6.475, 4.80653, -6.775],
							"size": [1, 2.38695, 1],
							"uv": {
								"north": {"uv": [62.5, 0.5], "uv_size": [0.5, 1]},
								"east": {"uv": [63.5, 0], "uv_size": [0.5, 1]},
								"south": {"uv": [63.5, 0.5], "uv_size": [0.5, 1]},
								"west": {"uv": [63, 0.5], "uv_size": [0.5, 1]},
								"up": {"uv": [62.5, 0], "uv_size": [0.5, 0.5]},
								"down": {"uv": [63, 0.5], "uv_size": [0.5, -0.5]}
							}
						},
						{
							"origin": [-6.5, 4.80653, -6.775],
							"size": [1, 2.38695, 1],
							"pivot": [-6, 6, -0.775],
							"rotation": [-22.5, 0, 0],
							"uv": {
								"north": {"uv": [62.5, 0.5], "uv_size": [0.5, 1]},
								"east": {"uv": [63.5, 0], "uv_size": [0.5, 1]},
								"south": {"uv": [63.5, 0.5], "uv_size": [0.5, 1]},
								"west": {"uv": [63, 0.5], "uv_size": [0.5, 1]},
								"up": {"uv": [62.5, 0], "uv_size": [0.5, 0.5]},
								"down": {"uv": [63, 0.5], "uv_size": [0.5, -0.5]}
							}
						},
						{
							"origin": [-6.475, 4.80653, -6.775],
							"size": [1, 2.38695, 1],
							"pivot": [-5.975, 6, -0.775],
							"rotation": [-45, 0, 0],
							"uv": {
								"north": {"uv": [62.5, 0.5], "uv_size": [0.5, 1]},
								"east": {"uv": [63.5, 0], "uv_size": [0.5, 1]},
								"south": {"uv": [63.5, 0.5], "uv_size": [0.5, 1]},
								"west": {"uv": [63, 0.5], "uv_size": [0.5, 1]},
								"up": {"uv": [62.5, 0], "uv_size": [0.5, 0.5]},
								"down": {"uv": [63, 0.5], "uv_size": [0.5, -0.5]}
							}
						},
						{
							"origin": [-6.475, 4.80653, 4.225],
							"size": [1, 2.38695, 1],
							"pivot": [-5.975, 6, -0.775],
							"rotation": [45, 0, 0],
							"uv": {
								"north": {"uv": [62.5, 0.5], "uv_size": [0.5, 1]},
								"east": {"uv": [63.5, 0], "uv_size": [0.5, 1]},
								"south": {"uv": [63.5, 0.5], "uv_size": [0.5, 1]},
								"west": {"uv": [63, 0.5], "uv_size": [0.5, 1]},
								"up": {"uv": [62.5, 0], "uv_size": [0.5, 0.5]},
								"down": {"uv": [63, 0.5], "uv_size": [0.5, -0.5]}
							}
						},
						{
							"origin": [-6.5, 4.80653, 4.225],
							"size": [1, 2.38695, 1],
							"pivot": [-6, 6, -0.775],
							"rotation": [22.5, 0, 0],
							"uv": {
								"north": {"uv": [62.5, 0.5], "uv_size": [0.5, 1]},
								"east": {"uv": [63.5, 0], "uv_size": [0.5, 1]},
								"south": {"uv": [63.5, 0.5], "uv_size": [0.5, 1]},
								"west": {"uv": [63, 0.5], "uv_size": [0.5, 1]},
								"up": {"uv": [62.5, 0], "uv_size": [0.5, 0.5]},
								"down": {"uv": [63, 0.5], "uv_size": [0.5, -0.5]}
							}
						},
						{
							"origin": [-6.475, 4.80653, 4.225],
							"size": [1, 2.38695, 1],
							"uv": {
								"north": {"uv": [62.5, 0.5], "uv_size": [0.5, 1]},
								"east": {"uv": [63.5, 0], "uv_size": [0.5, 1]},
								"south": {"uv": [63.5, 0.5], "uv_size": [0.5, 1]},
								"west": {"uv": [63, 0.5], "uv_size": [0.5, 1]},
								"up": {"uv": [62.5, 0], "uv_size": [0.5, 0.5]},
								"down": {"uv": [63, 0.5], "uv_size": [0.5, -0.5]}
							}
						},
						{
							"origin": [-6.5, 4.80653, 4.225],
							"size": [1, 2.38695, 1],
							"pivot": [-6, 6, -0.775],
							"rotation": [-22.5, 0, 0],
							"uv": {
								"north": {"uv": [62.5, 0.5], "uv_size": [0.5, 1]},
								"east": {"uv": [63.5, 0], "uv_size": [0.5, 1]},
								"south": {"uv": [63.5, 0.5], "uv_size": [0.5, 1]},
								"west": {"uv": [63, 0.5], "uv_size": [0.5, 1]},
								"up": {"uv": [62.5, 0], "uv_size": [0.5, 0.5]},
								"down": {"uv": [63, 0.5], "uv_size": [0.5, -0.5]}
							}
						},
						{
							"origin": [-6.475, 4.80653, 4.225],
							"size": [1, 2.38695, 1],
							"pivot": [-5.975, 6, -0.775],
							"rotation": [-45, 0, 0],
							"uv": {
								"north": {"uv": [62.5, 0.5], "uv_size": [0.5, 1]},
								"east": {"uv": [63.5, 0], "uv_size": [0.5, 1]},
								"south": {"uv": [63.5, 0.5], "uv_size": [0.5, 1]},
								"west": {"uv": [63, 0.5], "uv_size": [0.5, 1]},
								"up": {"uv": [62.5, 0], "uv_size": [0.5, 0.5]},
								"down": {"uv": [63, 0.5], "uv_size": [0.5, -0.5]}
							}
						},
						{
							"origin": [-6.5, 0, -1.96847],
							"size": [1, 1, 2.38695],
							"pivot": [-6, 6, -0.775],
							"rotation": [22.5, 0, 0],
							"uv": {
								"north": {"uv": [62, 1], "uv_size": [0.5, 0.5]},
								"east": {"uv": [63, 0], "uv_size": [1, 0.5]},
								"south": {"uv": [63.5, 1], "uv_size": [0.5, 0.5]},
								"west": {"uv": [62.5, 1], "uv_size": [1, 0.5]},
								"up": {"uv": [62, 0], "uv_size": [0.5, 1]},
								"down": {"uv": [62.5, 1], "uv_size": [0.5, -1]}
							}
						},
						{
							"origin": [-6.475, 0, -1.96847],
							"size": [1, 1, 2.38695],
							"uv": {
								"north": {"uv": [62, 1], "uv_size": [0.5, 0.5]},
								"east": {"uv": [63, 0], "uv_size": [1, 0.5]},
								"south": {"uv": [63.5, 1], "uv_size": [0.5, 0.5]},
								"west": {"uv": [62.5, 1], "uv_size": [1, 0.5]},
								"up": {"uv": [62, 0], "uv_size": [0.5, 1]},
								"down": {"uv": [62.5, 1], "uv_size": [0.5, -1]}
							}
						},
						{
							"origin": [-6.25, 1, -5.96847],
							"size": [1, 10, 10.38695],
							"uv": {
								"north": {"uv": [57.5, 5.5], "uv_size": [0.5, 5]},
								"east": {"uv": [52.5, 5.5], "uv_size": [4.5, 4.5]},
								"south": {"uv": [63, 5.5], "uv_size": [0.5, 5]},
								"west": {"uv": [58, 5.5], "uv_size": [5, 5]},
								"up": {"uv": [57.5, 0.5], "uv_size": [0.5, 5]},
								"down": {"uv": [58, 5.5], "uv_size": [0.5, -5]}
							}
						},
						{
							"origin": [-6.15, 1, -5.96847],
							"size": [1, 10, 10.38695],
							"pivot": [-5.975, 6, -0.775],
							"rotation": [-45, 0, 0],
							"uv": {
								"north": {"uv": [57.5, 5.5], "uv_size": [0.5, 5]},
								"east": {"uv": [52.5, 5.5], "uv_size": [4.5, 4.5]},
								"south": {"uv": [63, 5.5], "uv_size": [0.5, 5]},
								"west": {"uv": [58, 5.5], "uv_size": [5, 5]},
								"up": {"uv": [57.5, 0.5], "uv_size": [0.5, 5]},
								"down": {"uv": [58, 5.5], "uv_size": [0.5, -5]}
							}
						},
						{
							"origin": [-6.5, 0, -1.96847],
							"size": [1, 1, 2.38695],
							"pivot": [-6, 6, -0.775],
							"rotation": [-22.5, 0, 0],
							"uv": {
								"north": {"uv": [62, 1], "uv_size": [0.5, 0.5]},
								"east": {"uv": [63, 0], "uv_size": [1, 0.5]},
								"south": {"uv": [63.5, 1], "uv_size": [0.5, 0.5]},
								"west": {"uv": [62.5, 1], "uv_size": [1, 0.5]},
								"up": {"uv": [62, 0], "uv_size": [0.5, 1]},
								"down": {"uv": [62.5, 1], "uv_size": [0.5, -1]}
							}
						},
						{
							"origin": [-6.5, 11, -1.96847],
							"size": [1, 1, 2.38695],
							"pivot": [-6, 6, -0.775],
							"rotation": [22.5, 0, 0],
							"uv": {
								"north": {"uv": [62, 1], "uv_size": [0.5, 0.5]},
								"east": {"uv": [63, 0], "uv_size": [1, 0.5]},
								"south": {"uv": [63.5, 1], "uv_size": [0.5, 0.5]},
								"west": {"uv": [62.5, 1], "uv_size": [1, 0.5]},
								"up": {"uv": [62, 0], "uv_size": [0.5, 1]},
								"down": {"uv": [62.5, 1], "uv_size": [0.5, -1]}
							}
						},
						{
							"origin": [-6.475, 11, -1.96847],
							"size": [1, 1, 2.38695],
							"uv": {
								"north": {"uv": [62, 1], "uv_size": [0.5, 0.5]},
								"east": {"uv": [63, 0], "uv_size": [1, 0.5]},
								"south": {"uv": [63.5, 1], "uv_size": [0.5, 0.5]},
								"west": {"uv": [62.5, 1], "uv_size": [1, 0.5]},
								"up": {"uv": [62, 0], "uv_size": [0.5, 1]},
								"down": {"uv": [62.5, 1], "uv_size": [0.5, -1]}
							}
						},
						{
							"origin": [-6.5, 11, -1.96847],
							"size": [1, 1, 2.38695],
							"pivot": [-6, 6, -0.775],
							"rotation": [-22.5, 0, 0],
							"uv": {
								"north": {"uv": [62, 1], "uv_size": [0.5, 0.5]},
								"east": {"uv": [63, 0], "uv_size": [1, 0.5]},
								"south": {"uv": [63.5, 1], "uv_size": [0.5, 0.5]},
								"west": {"uv": [62.5, 1], "uv_size": [1, 0.5]},
								"up": {"uv": [62, 0], "uv_size": [0.5, 1]},
								"down": {"uv": [62.5, 1], "uv_size": [0.5, -1]}
							}
						}
					]
				},
				{
					"name": "hexadecagon3",
					"parent": "wheelchair",
					"pivot": [6, 6, -0.775],
					"cubes": [
						{
							"origin": [5.475, 4.80653, -6.775],
							"size": [1, 2.38695, 1],
							"pivot": [5.975, 6, -0.775],
							"rotation": [45, 0, 0],
							"uv": {
								"north": {"uv": [63, 0.5], "uv_size": [-0.5, 1]},
								"east": {"uv": [63.5, 0.5], "uv_size": [-0.5, 1]},
								"south": {"uv": [64, 0.5], "uv_size": [-0.5, 1]},
								"west": {"uv": [64, 0], "uv_size": [-0.5, 1]},
								"up": {"uv": [63, 0], "uv_size": [-0.5, 0.5]},
								"down": {"uv": [63.5, 0.5], "uv_size": [-0.5, -0.5]}
							}
						},
						{
							"origin": [5.5, 4.80653, -6.775],
							"size": [1, 2.38695, 1],
							"pivot": [6, 6, -0.775],
							"rotation": [22.5, 0, 0],
							"uv": {
								"north": {"uv": [63, 0.5], "uv_size": [-0.5, 1]},
								"east": {"uv": [63.5, 0.5], "uv_size": [-0.5, 1]},
								"south": {"uv": [64, 0.5], "uv_size": [-0.5, 1]},
								"west": {"uv": [64, 0], "uv_size": [-0.5, 1]},
								"up": {"uv": [63, 0], "uv_size": [-0.5, 0.5]},
								"down": {"uv": [63.5, 0.5], "uv_size": [-0.5, -0.5]}
							}
						},
						{
							"origin": [5.475, 4.80653, -6.775],
							"size": [1, 2.38695, 1],
							"uv": {
								"north": {"uv": [63, 0.5], "uv_size": [-0.5, 1]},
								"east": {"uv": [63.5, 0.5], "uv_size": [-0.5, 1]},
								"south": {"uv": [64, 0.5], "uv_size": [-0.5, 1]},
								"west": {"uv": [64, 0], "uv_size": [-0.5, 1]},
								"up": {"uv": [63, 0], "uv_size": [-0.5, 0.5]},
								"down": {"uv": [63.5, 0.5], "uv_size": [-0.5, -0.5]}
							}
						},
						{
							"origin": [5.5, 4.80653, -6.775],
							"size": [1, 2.38695, 1],
							"pivot": [6, 6, -0.775],
							"rotation": [-22.5, 0, 0],
							"uv": {
								"north": {"uv": [63, 0.5], "uv_size": [-0.5, 1]},
								"east": {"uv": [63.5, 0.5], "uv_size": [-0.5, 1]},
								"south": {"uv": [64, 0.5], "uv_size": [-0.5, 1]},
								"west": {"uv": [64, 0], "uv_size": [-0.5, 1]},
								"up": {"uv": [63, 0], "uv_size": [-0.5, 0.5]},
								"down": {"uv": [63.5, 0.5], "uv_size": [-0.5, -0.5]}
							}
						},
						{
							"origin": [5.475, 4.80653, -6.775],
							"size": [1, 2.38695, 1],
							"pivot": [5.975, 6, -0.775],
							"rotation": [-45, 0, 0],
							"uv": {
								"north": {"uv": [63, 0.5], "uv_size": [-0.5, 1]},
								"east": {"uv": [63.5, 0.5], "uv_size": [-0.5, 1]},
								"south": {"uv": [64, 0.5], "uv_size": [-0.5, 1]},
								"west": {"uv": [64, 0], "uv_size": [-0.5, 1]},
								"up": {"uv": [63, 0], "uv_size": [-0.5, 0.5]},
								"down": {"uv": [63.5, 0.5], "uv_size": [-0.5, -0.5]}
							}
						},
						{
							"origin": [5.475, 4.80653, 4.225],
							"size": [1, 2.38695, 1],
							"pivot": [5.975, 6, -0.775],
							"rotation": [45, 0, 0],
							"uv": {
								"north": {"uv": [63, 0.5], "uv_size": [-0.5, 1]},
								"east": {"uv": [63.5, 0.5], "uv_size": [-0.5, 1]},
								"south": {"uv": [64, 0.5], "uv_size": [-0.5, 1]},
								"west": {"uv": [64, 0], "uv_size": [-0.5, 1]},
								"up": {"uv": [63, 0], "uv_size": [-0.5, 0.5]},
								"down": {"uv": [63.5, 0.5], "uv_size": [-0.5, -0.5]}
							}
						},
						{
							"origin": [5.5, 4.80653, 4.225],
							"size": [1, 2.38695, 1],
							"pivot": [6, 6, -0.775],
							"rotation": [22.5, 0, 0],
							"uv": {
								"north": {"uv": [63, 0.5], "uv_size": [-0.5, 1]},
								"east": {"uv": [63.5, 0.5], "uv_size": [-0.5, 1]},
								"south": {"uv": [64, 0.5], "uv_size": [-0.5, 1]},
								"west": {"uv": [64, 0], "uv_size": [-0.5, 1]},
								"up": {"uv": [63, 0], "uv_size": [-0.5, 0.5]},
								"down": {"uv": [63.5, 0.5], "uv_size": [-0.5, -0.5]}
							}
						},
						{
							"origin": [5.475, 4.80653, 4.225],
							"size": [1, 2.38695, 1],
							"uv": {
								"north": {"uv": [63, 0.5], "uv_size": [-0.5, 1]},
								"east": {"uv": [63.5, 0.5], "uv_size": [-0.5, 1]},
								"south": {"uv": [64, 0.5], "uv_size": [-0.5, 1]},
								"west": {"uv": [64, 0], "uv_size": [-0.5, 1]},
								"up": {"uv": [63, 0], "uv_size": [-0.5, 0.5]},
								"down": {"uv": [63.5, 0.5], "uv_size": [-0.5, -0.5]}
							}
						},
						{
							"origin": [5.5, 4.80653, 4.225],
							"size": [1, 2.38695, 1],
							"pivot": [6, 6, -0.775],
							"rotation": [-22.5, 0, 0],
							"uv": {
								"north": {"uv": [63, 0.5], "uv_size": [-0.5, 1]},
								"east": {"uv": [63.5, 0.5], "uv_size": [-0.5, 1]},
								"south": {"uv": [64, 0.5], "uv_size": [-0.5, 1]},
								"west": {"uv": [64, 0], "uv_size": [-0.5, 1]},
								"up": {"uv": [63, 0], "uv_size": [-0.5, 0.5]},
								"down": {"uv": [63.5, 0.5], "uv_size": [-0.5, -0.5]}
							}
						},
						{
							"origin": [5.475, 4.80653, 4.225],
							"size": [1, 2.38695, 1],
							"pivot": [5.975, 6, -0.775],
							"rotation": [-45, 0, 0],
							"uv": {
								"north": {"uv": [63, 0.5], "uv_size": [-0.5, 1]},
								"east": {"uv": [63.5, 0.5], "uv_size": [-0.5, 1]},
								"south": {"uv": [64, 0.5], "uv_size": [-0.5, 1]},
								"west": {"uv": [64, 0], "uv_size": [-0.5, 1]},
								"up": {"uv": [63, 0], "uv_size": [-0.5, 0.5]},
								"down": {"uv": [63.5, 0.5], "uv_size": [-0.5, -0.5]}
							}
						},
						{
							"origin": [5.5, 0, -1.96847],
							"size": [1, 1, 2.38695],
							"pivot": [6, 6, -0.775],
							"rotation": [22.5, 0, 0],
							"uv": {
								"north": {"uv": [62.5, 1], "uv_size": [-0.5, 0.5]},
								"east": {"uv": [63.5, 1], "uv_size": [-1, 0.5]},
								"south": {"uv": [64, 1], "uv_size": [-0.5, 0.5]},
								"west": {"uv": [64, 0], "uv_size": [-1, 0.5]},
								"up": {"uv": [62.5, 0], "uv_size": [-0.5, 1]},
								"down": {"uv": [63, 1], "uv_size": [-0.5, -1]}
							}
						},
						{
							"origin": [5.475, 0, -1.96847],
							"size": [1, 1, 2.38695],
							"uv": {
								"north": {"uv": [62.5, 1], "uv_size": [-0.5, 0.5]},
								"east": {"uv": [63.5, 1], "uv_size": [-1, 0.5]},
								"south": {"uv": [64, 1], "uv_size": [-0.5, 0.5]},
								"west": {"uv": [64, 0], "uv_size": [-1, 0.5]},
								"up": {"uv": [62.5, 0], "uv_size": [-0.5, 1]},
								"down": {"uv": [63, 1], "uv_size": [-0.5, -1]}
							}
						},
						{
							"origin": [5.25, 1, -5.96847],
							"size": [1, 10, 10.38695],
							"uv": {
								"north": {"uv": [58, 5.5], "uv_size": [-0.5, 5]},
								"east": {"uv": [63, 5.5], "uv_size": [-5, 5]},
								"south": {"uv": [63.5, 5.5], "uv_size": [-0.5, 5]},
								"west": {"uv": [57, 5.5], "uv_size": [-4.5, 4.5]},
								"up": {"uv": [58, 0.5], "uv_size": [-0.5, 5]},
								"down": {"uv": [58.5, 5.5], "uv_size": [-0.5, -5]}
							}
						},
						{
							"origin": [5.15, 1, -5.96847],
							"size": [1, 10, 10.38695],
							"pivot": [5.975, 6, -0.775],
							"rotation": [-45, 0, 0],
							"uv": {
								"north": {"uv": [58, 5.5], "uv_size": [-0.5, 5]},
								"east": {"uv": [63, 5.5], "uv_size": [-5, 5]},
								"south": {"uv": [63.5, 5.5], "uv_size": [-0.5, 5]},
								"west": {"uv": [57, 5.5], "uv_size": [-4.5, 4.5]},
								"up": {"uv": [58, 0.5], "uv_size": [-0.5, 5]},
								"down": {"uv": [58.5, 5.5], "uv_size": [-0.5, -5]}
							}
						},
						{
							"origin": [5.5, 0, -1.96847],
							"size": [1, 1, 2.38695],
							"pivot": [6, 6, -0.775],
							"rotation": [-22.5, 0, 0],
							"uv": {
								"north": {"uv": [62.5, 1], "uv_size": [-0.5, 0.5]},
								"east": {"uv": [63.5, 1], "uv_size": [-1, 0.5]},
								"south": {"uv": [64, 1], "uv_size": [-0.5, 0.5]},
								"west": {"uv": [64, 0], "uv_size": [-1, 0.5]},
								"up": {"uv": [62.5, 0], "uv_size": [-0.5, 1]},
								"down": {"uv": [63, 1], "uv_size": [-0.5, -1]}
							}
						},
						{
							"origin": [5.5, 11, -1.96847],
							"size": [1, 1, 2.38695],
							"pivot": [6, 6, -0.775],
							"rotation": [22.5, 0, 0],
							"uv": {
								"north": {"uv": [62.5, 1], "uv_size": [-0.5, 0.5]},
								"east": {"uv": [63.5, 1], "uv_size": [-1, 0.5]},
								"south": {"uv": [64, 1], "uv_size": [-0.5, 0.5]},
								"west": {"uv": [64, 0], "uv_size": [-1, 0.5]},
								"up": {"uv": [62.5, 0], "uv_size": [-0.5, 1]},
								"down": {"uv": [63, 1], "uv_size": [-0.5, -1]}
							}
						},
						{
							"origin": [5.475, 11, -1.96847],
							"size": [1, 1, 2.38695],
							"uv": {
								"north": {"uv": [62.5, 1], "uv_size": [-0.5, 0.5]},
								"east": {"uv": [63.5, 1], "uv_size": [-1, 0.5]},
								"south": {"uv": [64, 1], "uv_size": [-0.5, 0.5]},
								"west": {"uv": [64, 0], "uv_size": [-1, 0.5]},
								"up": {"uv": [62.5, 0], "uv_size": [-0.5, 1]},
								"down": {"uv": [63, 1], "uv_size": [-0.5, -1]}
							}
						},
						{
							"origin": [5.5, 11, -1.96847],
							"size": [1, 1, 2.38695],
							"pivot": [6, 6, -0.775],
							"rotation": [-22.5, 0, 0],
							"uv": {
								"north": {"uv": [62.5, 1], "uv_size": [-0.5, 0.5]},
								"east": {"uv": [63.5, 1], "uv_size": [-1, 0.5]},
								"south": {"uv": [64, 1], "uv_size": [-0.5, 0.5]},
								"west": {"uv": [64, 0], "uv_size": [-1, 0.5]},
								"up": {"uv": [62.5, 0], "uv_size": [-0.5, 1]},
								"down": {"uv": [63, 1], "uv_size": [-0.5, -1]}
							}
						}
					]
				},
				{
					"name": "hexadecagon",
					"pivot": [-4.5, 2, -9.275]
				},
				{
					"name": "bone",
					"parent": "hexadecagon",
					"pivot": [3.945, 3.35191, -6.13073],
					"cubes": [
						{
							"origin": [-5, 1.24954, -8.62647],
							"size": [1, 1, 1],
							"pivot": [-0.05, 4.125, -2.625],
							"rotation": [-2.5, 0, 0],
							"uv": {
								"north": {"uv": [60, 2.5], "uv_size": [0.5, 0.5]},
								"east": {"uv": [61.5, 2.5], "uv_size": [0.5, 0.5]},
								"south": {"uv": [60.5, 2.5], "uv_size": [0.5, 0.5]},
								"west": {"uv": [61, 2.5], "uv_size": [0.5, 0.5]},
								"up": {"uv": [62.5, 2.5], "uv_size": [0.5, 0.5]},
								"down": {"uv": [62, 3], "uv_size": [0.5, -0.5]}
							}
						},
						{
							"origin": [-4, 1.24954, -8.62647],
							"size": [1.05, 1, 3],
							"pivot": [-0.05, 4.125, -2.625],
							"rotation": [-2.5, 0, 0],
							"uv": {
								"north": {"uv": [61, 1.75], "uv_size": [0.5, 0.5]},
								"east": {"uv": [59.25, 3.25], "uv_size": [2.25, 0.5]},
								"south": {"uv": [61, 2.25], "uv_size": [0.5, 0.5]},
								"west": {"uv": [60, 2.75], "uv_size": [1.5, 0.5]},
								"up": {"uv": [62, 2.25], "uv_size": [0.5, 1.5]},
								"down": {"uv": [61.5, 3.75], "uv_size": [0.5, -2]}
							}
						},
						{
							"origin": [-3.95, 2.24954, -6.55147],
							"size": [1, 1, 0.925],
							"pivot": [-0.05, 4.125, -2.625],
							"rotation": [-2.5, 0, 0],
							"uv": {
								"north": {"uv": [60, 3], "uv_size": [0.5, 0.5]},
								"east": {"uv": [60.5, 3], "uv_size": [0.5, 0.5]},
								"south": {"uv": [61.5, 3], "uv_size": [0.5, 0.5]},
								"west": {"uv": [61, 3], "uv_size": [0.5, 0.5]},
								"up": {"uv": [62.5, 3], "uv_size": [0.5, 0.5]},
								"down": {"uv": [62, 3.5], "uv_size": [0.5, -0.5]}
							}
						},
						{
							"origin": [-4.8, 0.525, -9.62282],
							"size": [1, 3, 2.79565],
							"uv": {
								"north": {"uv": [63, 22], "uv_size": [0.5, 0.5]},
								"east": {"uv": [60, 22], "uv_size": [3, 3]},
								"south": {"uv": [63, 21.75], "uv_size": [0.5, 0.5]},
								"west": {"uv": [63, 23.75], "uv_size": [0.5, 0.5]},
								"up": {"uv": [63.5, 23.5], "uv_size": [-0.5, -0.5]},
								"down": {"uv": [63.5, 23], "uv_size": [-0.5, -0.5]}
							}
						},
						{
							"origin": [3.8, 0.525, -9.62282],
							"size": [1, 3, 2.79565],
							"uv": {
								"north": {"uv": [63.5, 22], "uv_size": [-0.5, 0.5]},
								"east": {"uv": [63.5, 23.75], "uv_size": [-0.5, 0.5]},
								"south": {"uv": [63.5, 21.75], "uv_size": [-0.5, 0.5]},
								"west": {"uv": [63, 22], "uv_size": [-3, 3]},
								"up": {"uv": [63, 23.5], "uv_size": [0.5, -0.5]},
								"down": {"uv": [63, 23], "uv_size": [0.5, -0.5]}
							}
						},
						{
							"origin": [2.95, 1.24954, -8.62647],
							"size": [1.05, 1, 3],
							"pivot": [0.05, 4.125, -2.625],
							"rotation": [-2.5, 0, 0],
							"uv": {
								"north": {"uv": [61.5, 1.75], "uv_size": [-0.5, 0.5]},
								"east": {"uv": [61.5, 2.75], "uv_size": [-1.5, 0.5]},
								"south": {"uv": [61.5, 2.25], "uv_size": [-0.5, 0.5]},
								"west": {"uv": [61.5, 3.25], "uv_size": [-2.25, 0.5]},
								"up": {"uv": [62.5, 2.25], "uv_size": [-0.5, 1.5]},
								"down": {"uv": [62, 3.75], "uv_size": [-0.5, -2]}
							}
						},
						{
							"origin": [2.95, 2.24954, -6.55147],
							"size": [1, 1, 0.925],
							"pivot": [0.05, 4.125, -2.625],
							"rotation": [-2.5, 0, 0],
							"uv": {
								"north": {"uv": [60.5, 3], "uv_size": [-0.5, 0.5]},
								"east": {"uv": [61.5, 3], "uv_size": [-0.5, 0.5]},
								"south": {"uv": [62, 3], "uv_size": [-0.5, 0.5]},
								"west": {"uv": [61, 3], "uv_size": [-0.5, 0.5]},
								"up": {"uv": [63, 3], "uv_size": [-0.5, 0.5]},
								"down": {"uv": [62.5, 3.5], "uv_size": [-0.5, -0.5]}
							}
						},
						{
							"origin": [4, 1.24954, -8.62647],
							"size": [1, 1, 1],
							"pivot": [0.05, 4.125, -2.625],
							"rotation": [-2.5, 0, 0],
							"uv": {
								"north": {"uv": [60.5, 2.5], "uv_size": [-0.5, 0.5]},
								"east": {"uv": [61.5, 2.5], "uv_size": [-0.5, 0.5]},
								"south": {"uv": [61, 2.5], "uv_size": [-0.5, 0.5]},
								"west": {"uv": [62, 2.5], "uv_size": [-0.5, 0.5]},
								"up": {"uv": [63, 2.5], "uv_size": [-0.5, 0.5]},
								"down": {"uv": [62.5, 3], "uv_size": [-0.5, -0.5]}
							}
						}
					]
				},
				{
					"name": "FRONTLEFTWHEEL",
					"parent": "bone",
					"pivot": [4.55, 2, -8.225]
				},
				{
					"name": "FRONTRIGHTWHEEL",
					"parent": "bone",
					"pivot": [-4.55, 2, -8.225],
					"cubes": [
						{
							"origin": [-5.075, 1.60218, -10.225],
							"size": [1, 0.79565, 1],
							"pivot": [-4.575, 2, -8.225],
							"rotation": [45, 0, 0],
							"uv": {
								"north": {"uv": [0, 0], "uv_size": [0.5, 0.5]},
								"east": {"uv": [0, 0], "uv_size": [0.5, 0.5]},
								"south": {"uv": [0, 0], "uv_size": [0.5, 0.5]},
								"west": {"uv": [0, 0], "uv_size": [0.5, 0.5]},
								"up": {"uv": [0.5, 0.5], "uv_size": [-0.5, -0.5]},
								"down": {"uv": [0.5, 0.5], "uv_size": [-0.5, -0.5]}
							}
						},
						{
							"origin": [-5.05, 1.60218, -10.225],
							"size": [1, 0.79565, 1],
							"pivot": [-4.55, 2, -8.225],
							"rotation": [22.5, 0, 0],
							"uv": {
								"north": {"uv": [0, 0], "uv_size": [0.5, 0.5]},
								"east": {"uv": [0, 0], "uv_size": [0.5, 0.5]},
								"south": {"uv": [0, 0], "uv_size": [0.5, 0.5]},
								"west": {"uv": [0, 0], "uv_size": [0.5, 0.5]},
								"up": {"uv": [0.5, 0.5], "uv_size": [-0.5, -0.5]},
								"down": {"uv": [0.5, 0.5], "uv_size": [-0.5, -0.5]}
							}
						},
						{
							"origin": [-5.075, 1.60218, -10.225],
							"size": [1, 0.79565, 1],
							"uv": {
								"north": {"uv": [0, 0], "uv_size": [0.5, 0.5]},
								"east": {"uv": [0, 0], "uv_size": [0.5, 0.5]},
								"south": {"uv": [0, 0], "uv_size": [0.5, 0.5]},
								"west": {"uv": [0, 0], "uv_size": [0.5, 0.5]},
								"up": {"uv": [0.5, 0.5], "uv_size": [-0.5, -0.5]},
								"down": {"uv": [0.5, 0.5], "uv_size": [-0.5, -0.5]}
							}
						},
						{
							"origin": [-5.05, 1.60218, -10.225],
							"size": [1, 0.79565, 1],
							"pivot": [-4.55, 2, -8.225],
							"rotation": [-22.5, 0, 0],
							"uv": {
								"north": {"uv": [0, 0], "uv_size": [0.5, 0.5]},
								"east": {"uv": [0, 0], "uv_size": [0.5, 0.5]},
								"south": {"uv": [0, 0], "uv_size": [0.5, 0.5]},
								"west": {"uv": [0, 0], "uv_size": [0.5, 0.5]},
								"up": {"uv": [0.5, 0.5], "uv_size": [-0.5, -0.5]},
								"down": {"uv": [0.5, 0.5], "uv_size": [-0.5, -0.5]}
							}
						},
						{
							"origin": [-5.075, 1.60218, -10.225],
							"size": [1, 0.79565, 1],
							"pivot": [-4.575, 2, -8.225],
							"rotation": [-45, 0, 0],
							"uv": {
								"north": {"uv": [0, 0], "uv_size": [0.5, 0.5]},
								"east": {"uv": [0, 0], "uv_size": [0.5, 0.5]},
								"south": {"uv": [0, 0], "uv_size": [0.5, 0.5]},
								"west": {"uv": [0, 0], "uv_size": [0.5, 0.5]},
								"up": {"uv": [0.5, 0.5], "uv_size": [-0.5, -0.5]},
								"down": {"uv": [0.5, 0.5], "uv_size": [-0.5, -0.5]}
							}
						},
						{
							"origin": [-5.075, 1.60218, -7.225],
							"size": [1, 0.79565, 1],
							"pivot": [-4.575, 2, -8.225],
							"rotation": [45, 0, 0],
							"uv": {
								"north": {"uv": [0, 0], "uv_size": [0.5, 0.5]},
								"east": {"uv": [0, 0], "uv_size": [0.5, 0.5]},
								"south": {"uv": [0, 0], "uv_size": [0.5, 0.5]},
								"west": {"uv": [0, 0], "uv_size": [0.5, 0.5]},
								"up": {"uv": [0.5, 0.5], "uv_size": [-0.5, -0.5]},
								"down": {"uv": [0.5, 0.5], "uv_size": [-0.5, -0.5]}
							}
						},
						{
							"origin": [-5.05, 1.60218, -7.225],
							"size": [1, 0.79565, 1],
							"pivot": [-4.55, 2, -8.225],
							"rotation": [22.5, 0, 0],
							"uv": {
								"north": {"uv": [0, 0], "uv_size": [0.5, 0.5]},
								"east": {"uv": [0, 0], "uv_size": [0.5, 0.5]},
								"south": {"uv": [0, 0], "uv_size": [0.5, 0.5]},
								"west": {"uv": [0, 0], "uv_size": [0.5, 0.5]},
								"up": {"uv": [0.5, 0.5], "uv_size": [-0.5, -0.5]},
								"down": {"uv": [0.5, 0.5], "uv_size": [-0.5, -0.5]}
							}
						},
						{
							"origin": [-5.075, 1.60218, -7.225],
							"size": [1, 0.79565, 1],
							"uv": {
								"north": {"uv": [0, 0], "uv_size": [0.5, 0.5]},
								"east": {"uv": [0, 0], "uv_size": [0.5, 0.5]},
								"south": {"uv": [0, 0], "uv_size": [0.5, 0.5]},
								"west": {"uv": [0, 0], "uv_size": [0.5, 0.5]},
								"up": {"uv": [0.5, 0.5], "uv_size": [-0.5, -0.5]},
								"down": {"uv": [0.5, 0.5], "uv_size": [-0.5, -0.5]}
							}
						},
						{
							"origin": [-5.05, 1.60218, -7.225],
							"size": [1, 0.79565, 1],
							"pivot": [-4.55, 2, -8.225],
							"rotation": [-22.5, 0, 0],
							"uv": {
								"north": {"uv": [0, 0], "uv_size": [0.5, 0.5]},
								"east": {"uv": [0, 0], "uv_size": [0.5, 0.5]},
								"south": {"uv": [0, 0], "uv_size": [0.5, 0.5]},
								"west": {"uv": [0, 0], "uv_size": [0.5, 0.5]},
								"up": {"uv": [0.5, 0.5], "uv_size": [-0.5, -0.5]},
								"down": {"uv": [0.5, 0.5], "uv_size": [-0.5, -0.5]}
							}
						},
						{
							"origin": [-5.075, 1.60218, -7.225],
							"size": [1, 0.79565, 1],
							"pivot": [-4.575, 2, -8.225],
							"rotation": [-45, 0, 0],
							"uv": {
								"north": {"uv": [0, 0], "uv_size": [0.5, 0.5]},
								"east": {"uv": [0, 0], "uv_size": [0.5, 0.5]},
								"south": {"uv": [0, 0], "uv_size": [0.5, 0.5]},
								"west": {"uv": [0, 0], "uv_size": [0.5, 0.5]},
								"up": {"uv": [0.5, 0.5], "uv_size": [-0.5, -0.5]},
								"down": {"uv": [0.5, 0.5], "uv_size": [-0.5, -0.5]}
							}
						},
						{
							"origin": [-5.05, 0, -8.62282],
							"size": [1, 1, 0.79565],
							"pivot": [-4.55, 2, -8.225],
							"rotation": [22.5, 0, 0],
							"uv": {
								"north": {"uv": [0, 0], "uv_size": [0.5, 0.5]},
								"east": {"uv": [0, 0], "uv_size": [0.5, 0.5]},
								"south": {"uv": [0, 0], "uv_size": [0.5, 0.5]},
								"west": {"uv": [0, 0], "uv_size": [0.5, 0.5]},
								"up": {"uv": [0.5, 0.5], "uv_size": [-0.5, -0.5]},
								"down": {"uv": [0.5, 0.5], "uv_size": [-0.5, -0.5]}
							}
						},
						{
							"origin": [-5.075, 0, -8.62282],
							"size": [1, 1, 0.79565],
							"uv": {
								"north": {"uv": [0, 0], "uv_size": [0.5, 0.5]},
								"east": {"uv": [0, 0], "uv_size": [0.5, 0.5]},
								"south": {"uv": [0, 0], "uv_size": [0.5, 0.5]},
								"west": {"uv": [0, 0], "uv_size": [0.5, 0.5]},
								"up": {"uv": [0.5, 0.5], "uv_size": [-0.5, -0.5]},
								"down": {"uv": [0.5, 0.5], "uv_size": [-0.5, -0.5]}
							}
						},
						{
							"origin": [-5.05, 0, -8.62282],
							"size": [1, 1, 0.79565],
							"pivot": [-4.55, 2, -8.225],
							"rotation": [-22.5, 0, 0],
							"uv": {
								"north": {"uv": [0, 0], "uv_size": [0.5, 0.5]},
								"east": {"uv": [0, 0], "uv_size": [0.5, 0.5]},
								"south": {"uv": [0, 0], "uv_size": [0.5, 0.5]},
								"west": {"uv": [0, 0], "uv_size": [0.5, 0.5]},
								"up": {"uv": [0.5, 0.5], "uv_size": [-0.5, -0.5]},
								"down": {"uv": [0.5, 0.5], "uv_size": [-0.5, -0.5]}
							}
						},
						{
							"origin": [-5.05, 3, -8.62282],
							"size": [1, 1, 0.79565],
							"pivot": [-4.55, 2, -8.225],
							"rotation": [22.5, 0, 0],
							"uv": {
								"north": {"uv": [0, 0], "uv_size": [0.5, 0.5]},
								"east": {"uv": [0, 0], "uv_size": [0.5, 0.5]},
								"south": {"uv": [0, 0], "uv_size": [0.5, 0.5]},
								"west": {"uv": [0, 0], "uv_size": [0.5, 0.5]},
								"up": {"uv": [0.5, 0.5], "uv_size": [-0.5, -0.5]},
								"down": {"uv": [0.5, 0.5], "uv_size": [-0.5, -0.5]}
							}
						},
						{
							"origin": [-5.075, 3, -8.62282],
							"size": [1, 1, 0.79565],
							"uv": {
								"north": {"uv": [0, 0], "uv_size": [0.5, 0.5]},
								"east": {"uv": [0, 0], "uv_size": [0.5, 0.5]},
								"south": {"uv": [0, 0], "uv_size": [0.5, 0.5]},
								"west": {"uv": [0, 0], "uv_size": [0.5, 0.5]},
								"up": {"uv": [0.5, 0.5], "uv_size": [-0.5, -0.5]},
								"down": {"uv": [0.5, 0.5], "uv_size": [-0.5, -0.5]}
							}
						},
						{
							"origin": [-5.05, 3, -8.62282],
							"size": [1, 1, 0.79565],
							"pivot": [-4.55, 2, -8.225],
							"rotation": [-22.5, 0, 0],
							"uv": {
								"north": {"uv": [0, 0], "uv_size": [0.5, 0.5]},
								"east": {"uv": [0, 0], "uv_size": [0.5, 0.5]},
								"south": {"uv": [0, 0], "uv_size": [0.5, 0.5]},
								"west": {"uv": [0, 0], "uv_size": [0.5, 0.5]},
								"up": {"uv": [0.5, 0.5], "uv_size": [-0.5, -0.5]},
								"down": {"uv": [0.5, 0.5], "uv_size": [-0.5, -0.5]}
							}
						},
						{
							"origin": [4.075, 1.60218, -10.225],
							"size": [1, 0.79565, 1],
							"pivot": [4.575, 2, -8.225],
							"rotation": [45, 0, 0],
							"uv": {
								"north": {"uv": [0.5, 0], "uv_size": [-0.5, 0.5]},
								"east": {"uv": [0.5, 0], "uv_size": [-0.5, 0.5]},
								"south": {"uv": [0.5, 0], "uv_size": [-0.5, 0.5]},
								"west": {"uv": [0.5, 0], "uv_size": [-0.5, 0.5]},
								"up": {"uv": [0, 0.5], "uv_size": [0.5, -0.5]},
								"down": {"uv": [0, 0.5], "uv_size": [0.5, -0.5]}
							}
						},
						{
							"origin": [4.05, 1.60218, -10.225],
							"size": [1, 0.79565, 1],
							"pivot": [4.55, 2, -8.225],
							"rotation": [22.5, 0, 0],
							"uv": {
								"north": {"uv": [0.5, 0], "uv_size": [-0.5, 0.5]},
								"east": {"uv": [0.5, 0], "uv_size": [-0.5, 0.5]},
								"south": {"uv": [0.5, 0], "uv_size": [-0.5, 0.5]},
								"west": {"uv": [0.5, 0], "uv_size": [-0.5, 0.5]},
								"up": {"uv": [0, 0.5], "uv_size": [0.5, -0.5]},
								"down": {"uv": [0, 0.5], "uv_size": [0.5, -0.5]}
							}
						},
						{
							"origin": [4.075, 1.60218, -10.225],
							"size": [1, 0.79565, 1],
							"uv": {
								"north": {"uv": [0.5, 0], "uv_size": [-0.5, 0.5]},
								"east": {"uv": [0.5, 0], "uv_size": [-0.5, 0.5]},
								"south": {"uv": [0.5, 0], "uv_size": [-0.5, 0.5]},
								"west": {"uv": [0.5, 0], "uv_size": [-0.5, 0.5]},
								"up": {"uv": [0, 0.5], "uv_size": [0.5, -0.5]},
								"down": {"uv": [0, 0.5], "uv_size": [0.5, -0.5]}
							}
						},
						{
							"origin": [4.05, 1.60218, -10.225],
							"size": [1, 0.79565, 1],
							"pivot": [4.55, 2, -8.225],
							"rotation": [-22.5, 0, 0],
							"uv": {
								"north": {"uv": [0.5, 0], "uv_size": [-0.5, 0.5]},
								"east": {"uv": [0.5, 0], "uv_size": [-0.5, 0.5]},
								"south": {"uv": [0.5, 0], "uv_size": [-0.5, 0.5]},
								"west": {"uv": [0.5, 0], "uv_size": [-0.5, 0.5]},
								"up": {"uv": [0, 0.5], "uv_size": [0.5, -0.5]},
								"down": {"uv": [0, 0.5], "uv_size": [0.5, -0.5]}
							}
						},
						{
							"origin": [4.075, 1.60218, -10.225],
							"size": [1, 0.79565, 1],
							"pivot": [4.575, 2, -8.225],
							"rotation": [-45, 0, 0],
							"uv": {
								"north": {"uv": [0.5, 0], "uv_size": [-0.5, 0.5]},
								"east": {"uv": [0.5, 0], "uv_size": [-0.5, 0.5]},
								"south": {"uv": [0.5, 0], "uv_size": [-0.5, 0.5]},
								"west": {"uv": [0.5, 0], "uv_size": [-0.5, 0.5]},
								"up": {"uv": [0, 0.5], "uv_size": [0.5, -0.5]},
								"down": {"uv": [0, 0.5], "uv_size": [0.5, -0.5]}
							}
						},
						{
							"origin": [4.075, 1.60218, -7.225],
							"size": [1, 0.79565, 1],
							"pivot": [4.575, 2, -8.225],
							"rotation": [45, 0, 0],
							"uv": {
								"north": {"uv": [0.5, 0], "uv_size": [-0.5, 0.5]},
								"east": {"uv": [0.5, 0], "uv_size": [-0.5, 0.5]},
								"south": {"uv": [0.5, 0], "uv_size": [-0.5, 0.5]},
								"west": {"uv": [0.5, 0], "uv_size": [-0.5, 0.5]},
								"up": {"uv": [0, 0.5], "uv_size": [0.5, -0.5]},
								"down": {"uv": [0, 0.5], "uv_size": [0.5, -0.5]}
							}
						},
						{
							"origin": [4.05, 1.60218, -7.225],
							"size": [1, 0.79565, 1],
							"pivot": [4.55, 2, -8.225],
							"rotation": [22.5, 0, 0],
							"uv": {
								"north": {"uv": [0.5, 0], "uv_size": [-0.5, 0.5]},
								"east": {"uv": [0.5, 0], "uv_size": [-0.5, 0.5]},
								"south": {"uv": [0.5, 0], "uv_size": [-0.5, 0.5]},
								"west": {"uv": [0.5, 0], "uv_size": [-0.5, 0.5]},
								"up": {"uv": [0, 0.5], "uv_size": [0.5, -0.5]},
								"down": {"uv": [0, 0.5], "uv_size": [0.5, -0.5]}
							}
						},
						{
							"origin": [4.075, 1.60218, -7.225],
							"size": [1, 0.79565, 1],
							"uv": {
								"north": {"uv": [0.5, 0], "uv_size": [-0.5, 0.5]},
								"east": {"uv": [0.5, 0], "uv_size": [-0.5, 0.5]},
								"south": {"uv": [0.5, 0], "uv_size": [-0.5, 0.5]},
								"west": {"uv": [0.5, 0], "uv_size": [-0.5, 0.5]},
								"up": {"uv": [0, 0.5], "uv_size": [0.5, -0.5]},
								"down": {"uv": [0, 0.5], "uv_size": [0.5, -0.5]}
							}
						},
						{
							"origin": [4.05, 1.60218, -7.225],
							"size": [1, 0.79565, 1],
							"pivot": [4.55, 2, -8.225],
							"rotation": [-22.5, 0, 0],
							"uv": {
								"north": {"uv": [0.5, 0], "uv_size": [-0.5, 0.5]},
								"east": {"uv": [0.5, 0], "uv_size": [-0.5, 0.5]},
								"south": {"uv": [0.5, 0], "uv_size": [-0.5, 0.5]},
								"west": {"uv": [0.5, 0], "uv_size": [-0.5, 0.5]},
								"up": {"uv": [0, 0.5], "uv_size": [0.5, -0.5]},
								"down": {"uv": [0, 0.5], "uv_size": [0.5, -0.5]}
							}
						},
						{
							"origin": [4.075, 1.60218, -7.225],
							"size": [1, 0.79565, 1],
							"pivot": [4.575, 2, -8.225],
							"rotation": [-45, 0, 0],
							"uv": {
								"north": {"uv": [0.5, 0], "uv_size": [-0.5, 0.5]},
								"east": {"uv": [0.5, 0], "uv_size": [-0.5, 0.5]},
								"south": {"uv": [0.5, 0], "uv_size": [-0.5, 0.5]},
								"west": {"uv": [0.5, 0], "uv_size": [-0.5, 0.5]},
								"up": {"uv": [0, 0.5], "uv_size": [0.5, -0.5]},
								"down": {"uv": [0, 0.5], "uv_size": [0.5, -0.5]}
							}
						},
						{
							"origin": [4.05, 0, -8.62282],
							"size": [1, 1, 0.79565],
							"pivot": [4.55, 2, -8.225],
							"rotation": [22.5, 0, 0],
							"uv": {
								"north": {"uv": [0.5, 0], "uv_size": [-0.5, 0.5]},
								"east": {"uv": [0.5, 0], "uv_size": [-0.5, 0.5]},
								"south": {"uv": [0.5, 0], "uv_size": [-0.5, 0.5]},
								"west": {"uv": [0.5, 0], "uv_size": [-0.5, 0.5]},
								"up": {"uv": [0, 0.5], "uv_size": [0.5, -0.5]},
								"down": {"uv": [0, 0.5], "uv_size": [0.5, -0.5]}
							}
						},
						{
							"origin": [4.075, 0, -8.62282],
							"size": [1, 1, 0.79565],
							"uv": {
								"north": {"uv": [0.5, 0], "uv_size": [-0.5, 0.5]},
								"east": {"uv": [0.5, 0], "uv_size": [-0.5, 0.5]},
								"south": {"uv": [0.5, 0], "uv_size": [-0.5, 0.5]},
								"west": {"uv": [0.5, 0], "uv_size": [-0.5, 0.5]},
								"up": {"uv": [0, 0.5], "uv_size": [0.5, -0.5]},
								"down": {"uv": [0, 0.5], "uv_size": [0.5, -0.5]}
							}
						},
						{
							"origin": [4.05, 0, -8.62282],
							"size": [1, 1, 0.79565],
							"pivot": [4.55, 2, -8.225],
							"rotation": [-22.5, 0, 0],
							"uv": {
								"north": {"uv": [0.5, 0], "uv_size": [-0.5, 0.5]},
								"east": {"uv": [0.5, 0], "uv_size": [-0.5, 0.5]},
								"south": {"uv": [0.5, 0], "uv_size": [-0.5, 0.5]},
								"west": {"uv": [0.5, 0], "uv_size": [-0.5, 0.5]},
								"up": {"uv": [0, 0.5], "uv_size": [0.5, -0.5]},
								"down": {"uv": [0, 0.5], "uv_size": [0.5, -0.5]}
							}
						},
						{
							"origin": [4.05, 3, -8.62282],
							"size": [1, 1, 0.79565],
							"pivot": [4.55, 2, -8.225],
							"rotation": [22.5, 0, 0],
							"uv": {
								"north": {"uv": [0.5, 0], "uv_size": [-0.5, 0.5]},
								"east": {"uv": [0.5, 0], "uv_size": [-0.5, 0.5]},
								"south": {"uv": [0.5, 0], "uv_size": [-0.5, 0.5]},
								"west": {"uv": [0.5, 0], "uv_size": [-0.5, 0.5]},
								"up": {"uv": [0, 0.5], "uv_size": [0.5, -0.5]},
								"down": {"uv": [0, 0.5], "uv_size": [0.5, -0.5]}
							}
						},
						{
							"origin": [4.075, 3, -8.62282],
							"size": [1, 1, 0.79565],
							"uv": {
								"north": {"uv": [0.5, 0], "uv_size": [-0.5, 0.5]},
								"east": {"uv": [0.5, 0], "uv_size": [-0.5, 0.5]},
								"south": {"uv": [0.5, 0], "uv_size": [-0.5, 0.5]},
								"west": {"uv": [0.5, 0], "uv_size": [-0.5, 0.5]},
								"up": {"uv": [0, 0.5], "uv_size": [0.5, -0.5]},
								"down": {"uv": [0, 0.5], "uv_size": [0.5, -0.5]}
							}
						},
						{
							"origin": [4.05, 3, -8.62282],
							"size": [1, 1, 0.79565],
							"pivot": [4.55, 2, -8.225],
							"rotation": [-22.5, 0, 0],
							"uv": {
								"north": {"uv": [0.5, 0], "uv_size": [-0.5, 0.5]},
								"east": {"uv": [0.5, 0], "uv_size": [-0.5, 0.5]},
								"south": {"uv": [0.5, 0], "uv_size": [-0.5, 0.5]},
								"west": {"uv": [0.5, 0], "uv_size": [-0.5, 0.5]},
								"up": {"uv": [0, 0.5], "uv_size": [0.5, -0.5]},
								"down": {"uv": [0, 0.5], "uv_size": [0.5, -0.5]}
							}
						}
					]
				}
			]
		}
	]
}