{
	"format_version": "1.12.0",
	"minecraft:geometry": [
		{
			"description": {
				"identifier": "geometry.officechair",
				"texture_width": 64,
				"texture_height": 64,
				"visible_bounds_width": 3,
				"visible_bounds_height": 3.5,
				"visible_bounds_offset": [0, 1.25, 0]
			},
			"bones": [
				{
					"name": "MAIN",
					"pivot": [0, 7, 0]
				},
				{
					"name": "seat",
					"parent": "MAIN",
					"pivot": [0, 7, 0],
					"cubes": [
						{"origin": [-6, 17.42806, 4.87536], "size": [12, 8, 1], "inflate": 0.001, "pivot": [0, 22.42806, 5.37536], "rotation": [-22.5, 0, 0], "uv": [0, 22]},
						{"origin": [-1, 4, -1], "size": [2, 4, 2], "uv": [30, 24]},
						{"origin": [-1, 7, 2], "size": [2, 1, 4], "uv": [26, 13]},
						{"origin": [-1, 8, 5], "size": [2, 4, 1], "uv": [0, 0]},
						{"origin": [-2, 10, 4], "size": [4, 4, 1], "uv": [30, 18]},
						{"origin": [-6, 8, -2], "size": [12, 1, 6], "uv": [0, 0]},
						{"origin": [-6, 6.77899, -5.50761], "size": [12, 1, 4], "inflate": -0.001, "pivot": [0, 7.27899, -4.50761], "rotation": [25, 0, 0], "uv": [0, 7]},
						{"origin": [-6, 4.77043, -5.92866], "size": [12, 1, 2], "inflate": -0.002, "pivot": [0, 5.27043, -5.92866], "rotation": [67.5, 0, 0], "uv": [30, 35]},
						{"origin": [4, 7, -1], "size": [4, 1, 2], "uv": [30, 38]},
						{"origin": [7, 8, -1], "size": [1, 3, 2], "uv": [30, 0]},
						{"origin": [6, 11, -6], "size": [3, 2, 8], "uv": [16, 34]},
						{"origin": [-8, 7, -1], "size": [4, 1, 2], "uv": [30, 38], "mirror": true},
						{"origin": [-8, 8, -1], "size": [1, 3, 2], "uv": [30, 0], "mirror": true},
						{"origin": [-9, 11, -6], "size": [3, 2, 8], "uv": [16, 34], "mirror": true},
						{"origin": [-6, 9, 3], "size": [12, 9, 1], "uv": [0, 12]}
					]
				},
				{
					"name": "base",
					"parent": "MAIN",
					"pivot": [0, 4.55, 0],
					"cubes": [
						{"origin": [-2, 3.7, -2], "size": [4, 2, 4], "uv": [38, 38]},
						{"origin": [-1, 4.55, -1], "size": [2, 1, 10], "inflate": -0.05, "pivot": [0, 4.55, 0], "rotation": [-15, -144, 0], "uv": [30, 13]},
						{"origin": [-1, 4.55, -1], "size": [2, 1, 10], "inflate": -0.05, "pivot": [0, 4.55, 0], "rotation": [-15, -72, 0], "uv": [30, 24]},
						{"origin": [-1, 4.55, -1], "size": [2, 1, 10], "inflate": -0.05, "pivot": [0, 4.55, 0], "rotation": [-15, 0, 0], "uv": [0, 31]},
						{"origin": [-1, 4.55, -1], "size": [2, 1, 10], "inflate": -0.05, "pivot": [0, 4.55, 0], "rotation": [-15, 72, 0], "uv": [26, 2]},
						{"origin": [-1, 4.55, -1], "size": [2, 1, 10], "inflate": -0.05, "pivot": [0, 4.55, 0], "rotation": [-15, 144, 0], "uv": [16, 21]}
					]
				},
				{
					"name": "wheel_01",
					"parent": "base",
					"pivot": [0, 0, 0],
					"cubes": [
						{"origin": [-5.19383, 0, -7.00506], "size": [1, 2, 2], "inflate": -0.05, "uv": [40, 0]},
						{"origin": [-4.19383, 0, -7.00506], "size": [1, 2, 2], "inflate": -0.05, "uv": [4, 37]},
						{"origin": [-4.71883, 0.375, -6.48006], "size": [1, 3, 1], "inflate": -0.05, "uv": [0, 42]}
					]
				},
				{
					"name": "wheel_2",
					"parent": "base",
					"pivot": [0, 0, 0],
					"rotation": [0, -72, 0],
					"cubes": [
						{"origin": [-5.19383, 0, -7.00506], "size": [1, 2, 2], "inflate": -0.05, "uv": [14, 36]},
						{"origin": [-4.19383, 0, -7.00506], "size": [1, 2, 2], "inflate": -0.05, "uv": [0, 35]},
						{"origin": [-4.71883, 0.375, -6.48006], "size": [1, 3, 1], "inflate": -0.05, "uv": [40, 8]}
					]
				},
				{
					"name": "wheel_3",
					"parent": "base",
					"pivot": [0, 0, 0],
					"rotation": [0, -144, 0],
					"cubes": [
						{"origin": [-5.19383, 0, -7.00506], "size": [1, 2, 2], "inflate": -0.05, "uv": [18, 34]},
						{"origin": [-4.19383, 0, -7.00506], "size": [1, 2, 2], "inflate": -0.05, "uv": [34, 13]},
						{"origin": [-4.71883, 0.375, -6.48006], "size": [1, 3, 1], "inflate": -0.05, "uv": [40, 4]}
					]
				},
				{
					"name": "wheel_4",
					"parent": "base",
					"pivot": [0, 0, 7],
					"rotation": [0, 72, 0],
					"cubes": [
						{"origin": [1.46356, 0, -2.16818], "size": [1, 2, 2], "inflate": -0.05, "uv": [4, 33]},
						{"origin": [2.46356, 0, -2.16818], "size": [1, 2, 2], "inflate": -0.05, "uv": [14, 32]},
						{"origin": [1.93856, 0.375, -1.64318], "size": [1, 3, 1], "inflate": -0.05, "uv": [26, 13]}
					]
				},
				{
					"name": "wheel_5",
					"parent": "base",
					"pivot": [0, 0, 0],
					"rotation": [0, 144, 0],
					"cubes": [
						{"origin": [-5.19383, 0, -7.00506], "size": [1, 2, 2], "inflate": -0.05, "uv": [0, 31]},
						{"origin": [-4.19383, 0, -7.00506], "size": [1, 2, 2], "inflate": -0.05, "uv": [28, 7]},
						{"origin": [-4.71883, 0.375, -6.48006], "size": [1, 3, 1], "inflate": -0.05, "uv": [0, 7]}
					]
				}
			]
		}
	]
}