{
	"format_version": "1.12.0",
	"minecraft:geometry": [
		{
			"description": {
				"identifier": "geometry.alarm",
				"texture_width": 64,
				"texture_height": 64,
				"visible_bounds_width": 4,
				"visible_bounds_height": 2.5,
				"visible_bounds_offset": [0, 0.75, 0]
			},
			"bones": [
				{
					"name": "bb_main",
					"pivot": [0, 0, 0],
					"cubes": [
						{"origin": [-4, 0, -4], "size": [8, 2, 8], "uv": [28, 32]},
						{"origin": [-3.5, 2, -3.45], "size": [7, 9, 7], "uv": [0, 32]}
					]
				},
				{
					"name": "bone",
					"pivot": [0, -1, 0],
					"cubes": [
						{"origin": [-2.5, 3.01, -0.925], "size": [5, 5, 2], "uv": [0, 0]},
						{"origin": [-0.01, 2, 5.35], "size": [0.01, 8, 16], "uv": [0, 0]},
						{"origin": [0.99, 2, -17.275], "size": [0.01, 8, 16], "pivot": [0.5, 6, -11.075], "rotation": [0, 180, 0], "uv": [0, 0]},
						{"origin": [-0.5, 1, -0.45], "size": [1, 7, 1], "uv": [0, 7]}
					]
				}
			]
		}
	]
}