{
	"format_version": "1.12.0",
	"minecraft:geometry": [
		{
			"description": {
				"identifier": "geometry.tuttable",
				"texture_width": 128,
				"texture_height": 128,
				"visible_bounds_width": 4,
				"visible_bounds_height": 2.5,
				"visible_bounds_offset": [0, 0.75, 0]
			},
			"bones": [
				{
					"name": "bb_main",
					"pivot": [0, 0, 0],
					"cubes": [
						{
							"origin": [-9, 4, -16],
							"size": [18, 1, 32],
							"pivot": [0, 5.5, 0],
							"rotation": [0, -90, 0],
							"uv": {
								"north": {"uv": [32, 65], "uv_size": [18, 1]},
								"east": {"uv": [0, 65], "uv_size": [32, 1]},
								"south": {"uv": [82, 65], "uv_size": [18, 1]},
								"west": {"uv": [50, 65], "uv_size": [32, 1]},
								"up": {"uv": [32, 33], "uv_size": [18, 32]},
								"down": {"uv": [50, 65], "uv_size": [18, -32]}
							}
						},
						{
							"origin": [-3, 5.025, -1],
							"size": [10, 5, 13],
							"pivot": [0, 5.5, 0],
							"rotation": [0, -90, 0],
							"uv": {
								"north": {"uv": [13, 79], "uv_size": [10, 6]},
								"east": {"uv": [0, 79], "uv_size": [13, 6]},
								"south": {"uv": [36, 79], "uv_size": [10, 6]},
								"west": {"uv": [23, 79], "uv_size": [13, 6]},
								"up": {"uv": [13, 66], "uv_size": [10, 13]},
								"down": {"uv": [23, 79], "uv_size": [10, -13]}
							}
						},
						{
							"origin": [-2, 5, -10],
							"size": [7, 1, 5],
							"pivot": [0, 5.5, 0],
							"rotation": [0, -90, 0],
							"uv": {
								"north": {"uv": [5, 29], "uv_size": [7, 1]},
								"east": {"uv": [0, 29], "uv_size": [5, 1]},
								"south": {"uv": [17, 29], "uv_size": [7, 1]},
								"west": {"uv": [12, 29], "uv_size": [5, 1]},
								"up": {"uv": [5, 24], "uv_size": [7, 5]},
								"down": {"uv": [12, 29], "uv_size": [7, -5]}
							}
						},
						{
							"origin": [-7.525, 5, 3.975],
							"size": [4, 1, 5],
							"pivot": [0, 5.5, 0],
							"rotation": [0, -90, 0],
							"uv": {
								"north": {"uv": [5, 62], "uv_size": [4, 1]},
								"east": {"uv": [0, 62], "uv_size": [5, 1]},
								"south": {"uv": [14, 62], "uv_size": [4, 1]},
								"west": {"uv": [9, 62], "uv_size": [5, 1]},
								"up": {"uv": [78, 35], "uv_size": [7, 9]},
								"down": {"uv": [9, 62], "uv_size": [4, -5]}
							}
						},
						{
							"origin": [-3, 6, -11],
							"size": [9, 3, 7],
							"pivot": [0, 5.5, 0],
							"rotation": [0, -90, 0],
							"uv": {
								"north": {"uv": [7, 21], "uv_size": [9, 3]},
								"east": {"uv": [0, 21], "uv_size": [7, 3]},
								"south": {"uv": [23, 21], "uv_size": [9, 3]},
								"west": {"uv": [16, 21], "uv_size": [7, 3]},
								"up": {"uv": [7, 14], "uv_size": [9, 7]},
								"down": {"uv": [16, 21], "uv_size": [9, -7]}
							}
						},
						{
							"origin": [7.5, 7.75822, -5.33652],
							"size": [2, 1, 5],
							"pivot": [8.5, 8.25822, -3.83652],
							"rotation": [90, -75, -90],
							"uv": {
								"north": {"uv": [67, 71], "uv_size": [2, 1]},
								"east": {"uv": [62, 71], "uv_size": [5, 1]},
								"south": {"uv": [74, 71], "uv_size": [2, 1]},
								"west": {"uv": [69, 71], "uv_size": [5, 1]},
								"up": {"uv": [67, 66], "uv_size": [2, 5]},
								"down": {"uv": [69, 71], "uv_size": [2, -5]}
							}
						},
						{
							"origin": [7.5, 7.68813, 5.26868],
							"size": [2, 1, 5],
							"pivot": [8.5, 8.18813, 6.76868],
							"rotation": [-90, -70, 90],
							"uv": {
								"north": {"uv": [23, 38], "uv_size": [2, 1]},
								"east": {"uv": [18, 38], "uv_size": [5, 1]},
								"south": {"uv": [30, 38], "uv_size": [2, 1]},
								"west": {"uv": [25, 38], "uv_size": [5, 1]},
								"up": {"uv": [23, 33], "uv_size": [2, 5]},
								"down": {"uv": [25, 38], "uv_size": [2, -5]}
							}
						},
						{
							"origin": [-9, 11, -16],
							"size": [18, 1, 32],
							"pivot": [0, 11.5, 0],
							"rotation": [0, -90, 0],
							"uv": {
								"north": {"uv": [32, 32], "uv_size": [18, 1]},
								"east": {"uv": [0, 32], "uv_size": [32, 1]},
								"south": {"uv": [82, 32], "uv_size": [18, 1]},
								"west": {"uv": [50, 32], "uv_size": [32, 1]},
								"up": {"uv": [32, 0], "uv_size": [18, 32]},
								"down": {"uv": [50, 32], "uv_size": [18, -32]}
							}
						},
						{
							"origin": [2, 12, -15],
							"size": [5, 5, 9],
							"pivot": [0, 11.5, 0],
							"rotation": [0, -90, 0],
							"uv": {
								"north": {"uv": [9, 9], "uv_size": [5, 5]},
								"east": {"uv": [87, 35], "uv_size": [13, 8]},
								"south": {"uv": [23, 9], "uv_size": [5, 5]},
								"west": {"uv": [14, 9], "uv_size": [9, 5]},
								"up": {"uv": [9, 0], "uv_size": [5, 9]},
								"down": {"uv": [14, 9], "uv_size": [5, -9]}
							}
						},
						{
							"origin": [-8.225, 12, -14],
							"size": [8, 1, 4],
							"pivot": [0, 11.5, 0],
							"rotation": [0, -90, 0],
							"uv": {
								"north": {"uv": [4, 46], "uv_size": [8, 1]},
								"east": {"uv": [0, 46], "uv_size": [4, 1]},
								"south": {"uv": [16, 46], "uv_size": [8, 1]},
								"west": {"uv": [12, 46], "uv_size": [4, 1]},
								"up": {"uv": [4, 42], "uv_size": [8, 4]},
								"down": {"uv": [12, 46], "uv_size": [8, -4]}
							}
						},
						{
							"origin": [-6.2, 12, -6],
							"size": [5, 1, 8],
							"pivot": [0, 11.5, 0],
							"rotation": [0, -90, 0],
							"uv": {
								"north": {"uv": [8, 41], "uv_size": [5, 1]},
								"east": {"uv": [0, 41], "uv_size": [8, 1]},
								"south": {"uv": [21, 41], "uv_size": [5, 1]},
								"west": {"uv": [13, 41], "uv_size": [8, 1]},
								"up": {"uv": [8, 33], "uv_size": [5, 8]},
								"down": {"uv": [13, 41], "uv_size": [5, -8]}
							}
						},
						{
							"origin": [-5.2, 12, 4],
							"size": [4, 1, 3],
							"pivot": [0, 11.5, 0],
							"rotation": [0, -90, 0],
							"uv": {
								"north": {"uv": [71, 26], "uv_size": [4, 1]},
								"east": {"uv": [68, 26], "uv_size": [3, 1]},
								"south": {"uv": [78, 26], "uv_size": [4, 1]},
								"west": {"uv": [75, 26], "uv_size": [3, 1]},
								"up": {"uv": [71, 23], "uv_size": [4, 3]},
								"down": {"uv": [75, 26], "uv_size": [4, -3]}
							}
						},
						{
							"origin": [-6.2, 12, 9],
							"size": [4, 1, 5],
							"pivot": [0, 11.5, 0],
							"rotation": [0, -90, 0],
							"uv": {
								"north": {"uv": [18, 57], "uv_size": [4, 1]},
								"east": {"uv": [13, 57], "uv_size": [5, 1]},
								"south": {"uv": [27, 57], "uv_size": [4, 1]},
								"west": {"uv": [22, 57], "uv_size": [5, 1]},
								"up": {"uv": [18, 52], "uv_size": [4, 5]},
								"down": {"uv": [22, 57], "uv_size": [4, -5]}
							}
						},
						{
							"origin": [-3.2, 0, 3.7],
							"size": [10, 3, 9],
							"pivot": [0, 11.5, 0],
							"rotation": [0, -90, 0],
							"uv": {
								"north": {"uv": [42, 75], "uv_size": [10, 3]},
								"east": {"uv": [33, 75], "uv_size": [9, 3]},
								"south": {"uv": [61, 75], "uv_size": [10, 3]},
								"west": {"uv": [52, 75], "uv_size": [9, 3]},
								"up": {"uv": [42, 66], "uv_size": [10, 9]},
								"down": {"uv": [52, 75], "uv_size": [10, -9]}
							}
						},
						{
							"origin": [-3.2, 0, -6.3],
							"size": [10, 1, 9],
							"pivot": [0, 11.5, 0],
							"rotation": [0, -90, 0],
							"uv": {
								"north": {"uv": [77, 9], "uv_size": [10, 1]},
								"east": {"uv": [68, 9], "uv_size": [9, 1]},
								"south": {"uv": [96, 9], "uv_size": [10, 1]},
								"west": {"uv": [87, 9], "uv_size": [9, 1]},
								"up": {"uv": [77, 0], "uv_size": [10, 9]},
								"down": {"uv": [87, 9], "uv_size": [10, -9]}
							}
						},
						{
							"origin": [3, 12, -4],
							"size": [4, 5, 5],
							"pivot": [0, 11.5, 0],
							"rotation": [0, -90, 0],
							"uv": {
								"north": {"uv": [5, 52], "uv_size": [4, 5]},
								"east": {"uv": [103, 36], "uv_size": [5, 6]},
								"south": {"uv": [14, 52], "uv_size": [4, 5]},
								"west": {"uv": [9, 52], "uv_size": [5, 5]},
								"up": {"uv": [5, 47], "uv_size": [4, 5]},
								"down": {"uv": [9, 52], "uv_size": [4, -5]}
							}
						},
						{
							"origin": [2.65, 12, 2],
							"size": [2, 3, 2],
							"pivot": [0, 11.5, 0],
							"rotation": [0, -90, 0],
							"uv": {
								"north": {"uv": [21, 26], "uv_size": [2, 3]},
								"east": {"uv": [19, 26], "uv_size": [2, 3]},
								"south": {"uv": [25, 26], "uv_size": [2, 3]},
								"west": {"uv": [23, 26], "uv_size": [2, 3]},
								"up": {"uv": [21, 24], "uv_size": [2, 2]},
								"down": {"uv": [23, 26], "uv_size": [2, -2]}
							}
						},
						{
							"origin": [0, 12, 1],
							"size": [1, 1, 1],
							"pivot": [0, 11.5, 0],
							"rotation": [0, -90, 0],
							"uv": {
								"north": {"uv": [29, 28], "uv_size": [1, 1]},
								"east": {"uv": [29, 28], "uv_size": [1, 1]},
								"south": {"uv": [29, 28], "uv_size": [1, 1]},
								"west": {"uv": [29, 28], "uv_size": [1, 1]},
								"up": {"uv": [29, 28], "uv_size": [1, 1]},
								"down": {"uv": [29, 29], "uv_size": [1, -1]}
							}
						},
						{
							"origin": [4.05, 18, 3.85],
							"size": [1, 1, 1],
							"pivot": [-1, 12.5, 0.35],
							"rotation": [0, -90, 0],
							"uv": {
								"north": {"uv": [85, 49], "uv_size": [2, 3]},
								"east": {"uv": [83, 49], "uv_size": [2, 3]},
								"south": {"uv": [89, 49], "uv_size": [2, 3]},
								"west": {"uv": [87, 49], "uv_size": [2, 3]},
								"up": {"uv": [85, 47], "uv_size": [2, 2]},
								"down": {"uv": [87, 49], "uv_size": [2, -2]}
							}
						},
						{
							"origin": [-16, 12, 2.35],
							"size": [5, 1, 3],
							"pivot": [-13, 12.5, 3.65],
							"rotation": [0, -130, 0],
							"uv": {
								"north": {"uv": [16, 61], "uv_size": [5, 1]},
								"east": {"uv": [13, 61], "uv_size": [3, 1]},
								"south": {"uv": [24, 61], "uv_size": [5, 1]},
								"west": {"uv": [21, 61], "uv_size": [3, 1]},
								"up": {"uv": [16, 58], "uv_size": [5, 3]},
								"down": {"uv": [21, 61], "uv_size": [5, -3]}
							}
						},
						{
							"origin": [-19, 20, 2.35],
							"size": [5, 1, 3],
							"pivot": [-13, 12.5, 3.65],
							"rotation": [0, -130, 0],
							"uv": {
								"north": {"uv": [16, 50], "uv_size": [5, 1]},
								"east": {"uv": [13, 50], "uv_size": [3, 1]},
								"south": {"uv": [24, 50], "uv_size": [5, 1]},
								"west": {"uv": [21, 50], "uv_size": [3, 1]},
								"up": {"uv": [16, 47], "uv_size": [5, 3]},
								"down": {"uv": [21, 50], "uv_size": [5, -3]}
							}
						},
						{
							"origin": [-18.35682, 14.875, 2.63842],
							"size": [8, 1, 1],
							"pivot": [-12.83182, 14.95, 3.13842],
							"rotation": [-131.34198, -13.31791, 101.45696],
							"uv": {
								"north": {"uv": [1, 31], "uv_size": [8, 1]},
								"east": {"uv": [0, 31], "uv_size": [1, 1]},
								"south": {"uv": [10, 31], "uv_size": [8, 1]},
								"west": {"uv": [9, 31], "uv_size": [1, 1]},
								"up": {"uv": [1, 30], "uv_size": [8, 1]},
								"down": {"uv": [9, 31], "uv_size": [8, -1]}
							}
						},
						{
							"origin": [5, 12, 4],
							"size": [2, 6, 2],
							"pivot": [0, 11.5, 0],
							"rotation": [0, -90, 0],
							"uv": {
								"north": {"uv": [2, 2], "uv_size": [2, 6]},
								"east": {"uv": [0, 2], "uv_size": [2, 6]},
								"south": {"uv": [6, 2], "uv_size": [2, 6]},
								"west": {"uv": [4, 2], "uv_size": [2, 6]},
								"up": {"uv": [2, 0], "uv_size": [2, 2]},
								"down": {"uv": [4, 2], "uv_size": [2, -2]}
							}
						},
						{
							"origin": [1, 12, 5],
							"size": [3, 5, 3],
							"pivot": [0, 11.5, 0],
							"rotation": [0, -90, 0],
							"uv": {
								"north": {"uv": [22, 3], "uv_size": [3, 5]},
								"east": {"uv": [19, 3], "uv_size": [3, 5]},
								"south": {"uv": [28, 3], "uv_size": [3, 5]},
								"west": {"uv": [25, 3], "uv_size": [3, 5]},
								"up": {"uv": [22, 0], "uv_size": [3, 3]},
								"down": {"uv": [25, 3], "uv_size": [3, -3]}
							}
						},
						{
							"origin": [-15, 0, -8],
							"size": [2, 11, 2],
							"uv": {
								"north": {"uv": [70, 35], "uv_size": [2, 11]},
								"east": {"uv": [68, 35], "uv_size": [2, 11]},
								"south": {"uv": [74, 35], "uv_size": [2, 11]},
								"west": {"uv": [72, 35], "uv_size": [2, 11]},
								"up": {"uv": [70, 33], "uv_size": [2, 2]},
								"down": {"uv": [72, 35], "uv_size": [2, -2]}
							}
						},
						{
							"origin": [-15, 0, 6],
							"size": [2, 11, 2],
							"uv": {
								"north": {"uv": [70, 35], "uv_size": [2, 11]},
								"east": {"uv": [68, 35], "uv_size": [2, 11]},
								"south": {"uv": [74, 35], "uv_size": [2, 11]},
								"west": {"uv": [72, 35], "uv_size": [2, 11]},
								"up": {"uv": [70, 33], "uv_size": [2, 2]},
								"down": {"uv": [72, 35], "uv_size": [2, -2]}
							}
						},
						{
							"origin": [13, 0, 6],
							"size": [2, 11, 2],
							"uv": {
								"north": {"uv": [70, 35], "uv_size": [2, 11]},
								"east": {"uv": [68, 35], "uv_size": [2, 11]},
								"south": {"uv": [74, 35], "uv_size": [2, 11]},
								"west": {"uv": [72, 35], "uv_size": [2, 11]},
								"up": {"uv": [70, 33], "uv_size": [2, 2]},
								"down": {"uv": [72, 35], "uv_size": [2, -2]}
							}
						},
						{
							"origin": [13, 0, -8],
							"size": [2, 11, 2],
							"uv": {
								"north": {"uv": [70, 35], "uv_size": [2, 11]},
								"east": {"uv": [68, 35], "uv_size": [2, 11]},
								"south": {"uv": [74, 35], "uv_size": [2, 11]},
								"west": {"uv": [72, 35], "uv_size": [2, 11]},
								"up": {"uv": [70, 33], "uv_size": [2, 2]},
								"down": {"uv": [72, 35], "uv_size": [2, -2]}
							}
						}
					]
				}
			]
		}
	]
}