{
	"format_version": "1.10.0",
	"minecraft:client_entity": {
	  "description": {
		"identifier": "cleverlike:alarm",
		"spawn_egg": {
		  "base_color": "#DBC315",
		  "overlay_color": "#ED790C"
		},
		"render_controllers": [ 
		  "controller.render.default" 
		],
		"geometry": {
		  "default": "geometry.alarm"
		},
		"textures": {
		  "default": "textures/entity/Rotating_alarm"
		},
		"materials": {
		  "default":"entity_alphablend"
		},
		"animations": {
		  "idle": "animation.Rotating_alarm.new"
		},
		"scripts": {
		  "animate": ["idle"]
		}
	  }
	}
  }