{
  "format_version": "1.10.0",
  "minecraft:client_entity": {
    "description": {
      "identifier": "cleverlike:npc3",
      "spawn_egg": {
        "base_color": "#DBC315",
        "overlay_color": "#ED790C"
      },
      "render_controllers": [ 
        "controller.render.default" 
      ],
      "geometry": {
        "default": "geometry.npc3"
      },
      "textures": {
        "default": "textures/entity/npc/03"
        
      },
      "particle_effects": {
        "arrow": "cleverlike:arrow",
        "sitarrow": "cleverlike:threearrow"
      },
        "materials": {
        "default": "entity_alphatest"
      },
      "animations": {
        "move": "animation.humanoid.move",
        "look_at_target": "animation.common.look_at_target",
        "arrow": "controller.animation.arrow"
      },

      "scripts": {
        "pre_animation":[
          "variable.tcos0 = (math.cos(query.modified_distance_moved * 38.17) * query.modified_move_speed / variable.gliding_speed_value) * 57.3;"
      ],
        "animate": [
          "arrow",
          "look_at_target",
          { "move" : "query.modified_move_speed"} 
        ]
      }
    }
  }
}


