{
    "format_version": "1.10.0",
    "minecraft:client_entity": {
      "description": {
        "identifier": "cleverlike:scenerider",
        "spawn_egg": {
          "base_color": "#DBC315",
          "overlay_color": "#ED790C"
        },
        "render_controllers": ["controller.render.default"],
        "geometry": {
          "default": "geometry.scenerider"
        },
        "textures": {
          "default": "textures/entity/scenerider"
        },
        "materials": {
          "default": "entity_alphatest"
        }
      }
    }
  }